uuid,URL,Date scraped,Headline,Body,Org,Topics,Sentiment,Scandal_distance,Top_10
3,https://www.yahoo.com/news/world/articles/brazil-supreme-court-weigh-cases-180001177.html,2026-08-11T18:00:01.000Z,Brazil’s Supreme Court to weigh cases that could weaken Amazon protections,"Brazil's Supreme Court is set to hear several cases that could reshape protections for the Amazon rainforest, after a mostly conservative Congress overrode several of leftist Brazilian President Luiz Inacio Lula da Silva's environmental vetoes. The court will take up the cases on Wednesday, as lawmakers and environmental groups remain divided over how Brazil should balance economic development with environmental protections. Deforestation in the Amazon hasfallen to its lowest levelin a decade during the first half of 2026. The cases put some of Brazil's most consequential environmental fights before the country's top court. On Friday, Brazil's Supreme Court began reviewing final motions seeking clarification of a 2025 ruling that rejected the ""time limit"" thesis. The legal theory, backed by Brazil's agribusiness lobby, restricts Indigenous land claims to territories occupied or under legal dispute when Brazil's 1988 Constitution took effect. The agribusiness caucus argues that a cutoff date would provide legal certainty for landowners.Indigenous groupssay it ignores decades of forced displacement and violence that pushed communities from their ancestral lands. Indigenous communities across the Amazon, including the isolated and uncontacted Kawahiva people, could be affected by the ruling. The justices are considering motions that seek clarification of the court's ruling, addressing questions about compensation and possible deadlines for completing Indigenous land demarcations. On Wednesday, the court will consider a legal fight over the future ofBrazil's soya moratorium, an agreement that barred major traders from buying soya grown on land deforested in the Amazon after 2008. The agreement has been credited withhelping curb deforestation, even as Brazil became an agricultural powerhouse. But states that are major soya producers passed laws in January revoking tax incentives for participating companies, prompting the Brazilian Association of Vegetable Oil Industries (ABIOVE) to withdraw from the moratorium. Brazil is the world's largest producer and leading exporter of soya beans. The Ministry of Environment and Climate Change has defended the soya moratorium, saying it helped reduce Amazon deforestation even as Brazil expanded production. The court will also consider on Wednesday a challenge to a new environmental licensing law that took effect in February. The law fast-tracks approval for projects including mines, highways and industrial plants, prompting environmental groups to warn that it could weaken safeguards in one of the world's most important ecosystems. Suely Araujo of the Climate Observatory said the law is already having tangible consequences in the Amazon, citing the paving of acontroversial highwayand plans to dredge the Tapajos River without adequate prior environmental review.","['Congress', 'the Climate Observatory', 'Supreme Court', 'The Ministry of Environment and Climate Change', 'Amazon', 'the Brazilian Association of Vegetable Oil Industries']",['business'],0.866,0.5988,True
35,https://www.yahoo.com/news/world/articles/welcome-digital-divide-153213365.html,2026-08-11T15:32:13.000Z,Welcome to the new digital divide,"In 2019, GZERO reported ona brewing backlashagainst AI's facial recognition and surveillance capabilities. Seven years later, opposition to the technology, which has advanced dramatically since then, is intensifying. Asurveyof more than 18,000 people in 15 countries found that over one-third ranked AI development among their top concerns over the next five years, ahead of immigration, energy security, and geopolitical rivalry. But attitudes toward AI vary sharply around the world.Ipsospolling found that people in Asia and Latin America are more likely to believe AI's benefits outweigh its risks and to express enthusiasm for AI-powered products and services. By contrast, North Americans are far more likely to say AI makes them nervous and are less convinced that its benefits justify its costs. North America says ""not in my backyard.""The AI backlash in North America centers heavily on environmental costs. The data centersneededto train and operate AI models consume enormous amounts of electricity and large volumes of water for cooling. A large data centeruses upto 5 million gallons a day, equal to the daily needs of a town of 10,000 to 50,000 people. In Canada, a recent survey found that68% of respondentswould oppose a large AI data center near their home, citing concerns about higher energy costs, environmental damage, and neighborhood quality.Seven in ten Americanshold similar views. And politicians are responding: Mississauga, Canada's seventh-largest city, voted last month totemporarily pausenew AI data center construction. In the US, New Yorkimposeda one-year moratorium in July on permits for large data centers, and voters of Monterey Park, California, approvedan outright banin June. In the US, data centers have become a political issue ahead of the November midterms. Democratic Senate candidateAbdul El-Sayedcriticized plansfor a data center in Michigan, while fellow Democratic House candidateWilliam Lawrencemade opposition to four local data centersa key plankin his platform after public outcry.In Ohio, both Republican nominee for governor,Vivek Ramaswamyand Democratic candidate for governorAmy Actonhave both pledged to restrict data centers. Fears of job losses also fuel opposition in North America.Arecent Gallup surveyfound that among Americans ages 14 to 29, excitement about AI fell 14 percentage points over the past year, to 22%, while anger rose nine points, to 31%.Two factorsappear to be driving that concern. First, North America has large white-collar sectors, including law, finance, and media, where generative AI isautomatingparts of entry-level work. Second, the US is home to many companies building AI systems, which gives citizens greater exposure to news about AI and its disruptive potential. But so far, those lossesappear limited: Research from Stanford University found that employment in occupations most exposed to AI fell by 0.2% year over year in June 2026, while employment in the least-exposed occupations grew by 0.6% over the same period. Asia and the Global South embrace AI.By contrast, polling suggests people in parts of Asia and Latin America are far more enthusiastic about AI.Overall,64% of respondents across Asia Pacific and 56% of respondents in Latin America say that using AI products and services excites them, compared with just 29% in North America. Why the difference? Opportunity. A recentstudyby the World Bank found that generative AI threatens far fewer jobs through automation in low- and middle-income countries (about 4.5%) than in advanced economies (over 14%), because fewer people in those countries work in knowledge-intensive professional services. Despite the controversy surrounding them in the West, many developing countries—including somevery small states, as GZERO reported last week—welcome data centers as a means of economic development. Although countries such as Thailand and Indonesia are concerned about environmental impacts, 69% and 65% of their citizens, respectively,believethat AI's benefits outweigh its environmental costs. In India, 71% share that view, although activists recently protested Google's planned $15 billion AI data center complex in Visakhapatnam, the largest city in the Indian state of Andhra Pradesh.Marchingunder the banner ""We cannot drink DATA,"" they warned that the project could worsen an already fragile local water supply. China's all in on AI.China is the world's most bullish country on AI, with 80% of its population sayingthey are excitedabout its prospects.Several factorshelp explain that optimism. Over the last three decades, rapid technological progress has raised living standards and improved infrastructure. China has also built leading chip and electronics industries, which many view as a source of national pride. Meanwhile, the Chinese one-party system makes it very difficult toorganize political oppositionto AI data centers, unlike the democratic systems in the United States and Canada. China also has thehighest percentageof citizens—77%—who believe AI's potential benefits or society outweigh its environmental costs. The country has about one-tenth the number of data centers as the US: 449, compared to 5,427 in the US. As a result, fewer Chinese citizens have been exposed to the negative impacts of those facilities. The new digital divide.Ultimately, the AI backlash is not about the technology itself, but about its impact. In North America, many people fear that AI will threaten white-collar jobs and damage the environment. In China and parts of the Global South, many see AI as a path to higher productivity and faster growth. The key question is whether those countries can overcome the hurdles to implementation—and whether states with the capacity to deploy AI choose to pause.","['AI', 'Senate', 'Google', 'the World Bank', 'El-Sayedcriticized', 'Asurveyof', 'Stanford University', 'Mississauga', 'House', 'Arecent Gallup', 'Vivek Ramaswamyand', 'Andhra Pradesh']",['business'],0.8997,0.4506,True
16,https://www.yahoo.com/news/world/articles/russia-using-north-korean-missiles-094003326.html,2026-08-11T16:19:47.000Z,"Russia using North Korean missiles to strike Ukraine, Zelensky says","Ukraine and Russia have continued striking each other overnight, with President Volodymyr Zelensky accusing Moscow of using North Korean missiles. Ukraine said strikes on the southern city of Zaporizhzhia - which killed seven people and injured at least24 - involved ballistic missiles from Russia's ally. In Voronezh, western Russia, warehouses of the biggest online retailer Wildberries were hit by Ukraine. The company, known as Russia's Amazon, has been repeatedly targeted in recent weeks. The attacks come a day after at least 13 people were killed, including one child, in Ukrainian drone strikes on the Russian republic of Tatarstan, more than 1,100 km (680 miles) from the Ukrainian border. In a video address on Monday evening, Zelensky said ""for the first time"" Russia ""cannot wage war without reinforcements from North Korea"". ""The more North Korean strikes there are here in Ukraine, in Europe, the more their missiles and soldiers are used, the more they correct their shortcomings and blind spots"", Zelensky said, adding that this poses a danger to the rest of the world. He has not presented any evidence to back up his comments. It is not the first time Zelensky as well as other senior Ukrainian and Western officials have accused Russia of receiving military assistance from North Korea. Ukraine's military has said that says dozens of North Korean missiles have been fired by Russia into its territorysince Moscow's full-scale invasion in February 2022. The Ukrainian president warned over the weekend that as many as 50,000 North Korean soldiers were being sent to fight with Russian forces. Some 11,000 North Korean soldiers were deployed to help Moscow push Ukrainian troops out of the western Russian region of Kursk following their cross-border incursion in August 2024. In January 2025, Western officials told the BBC that North Korean troops had suffered nearly 40% casualties in the fighting there in just three months. In his Monday's address, Zelensky also hailed a successful air strike on a Russian petrochemical plant in western Siberia on Monday as a ""very significant achievement"" by the Ukrainian military. He promised ""more Ukrainian deep strikes, which should demonstrate to Russia and the Russians that peace is necessary"". Zaporizhzhia regional head Ivan Fedorov posted photos of vehicles and buildings on fire, saying Moscow had struck the city using missiles and guided bombs. All seven casualties were employees of Ukraine's Metinvest metallurgical plant, which later halted all its operations. One person was injured in strikes on the capital Kyiv, where air raid sirens sounded twice during the night. Explosions could be heard on the outskirts of the capital, triggering fires. Local officials later said a children's hospital was damaged - but there were no injuries as staff and patients were sheltering. Two women have been injured in a Russian drone strike on the north-eastern Ukrainian city of Sumy, according to regional head Serhii Kryvosheienko. He later said that one person was killed when Russia attacked the city with gliding bombs in the afternoon. Meanwhile, strikes on substations in Kherson and Kharkiv resulted in power outages. Ukrainian officials say Russia fired 120 drones overnight and a range of different missiles, but for the first time they have not given a number of missiles fired or intercepted. It follows an Air Force statement on Monday urging the media not to write ""sensationalised headlines"" or ""spread pessimism"" about the shortage of air defence interceptors. Separately, there have been reports of a fire and explosions at a logistics centre of Wildberries in the Voronezh region. Wildberries has not yet confirmed the attack, but said that its facilities in the region, which borders Ukraine, have been evacuated. In July, Ukrainian drone attacks on several retail warehousesbelonging to Wildberriesdisrupted the operations of a large number of small and medium-sized Russian businesses. Kyiv said at the time it was targeting logistics hubs used by Russians to buy military equipment, and disrupting supplies to the Russian army. The attack on Tatarstan this weekwas one of the deadliest single attacks on Russia since the start of its full-scale invasion of Ukraine. At least 75 people were injured in the strikes, with Ukraine's Armed Forces saying it had hit the city's Tanevo oil refinery. Verified images on social media showed large plumes of smoke and flames rising into the sky in daytime, with air raid sirens howling in the background. The Uzbek consulate in Tatarstan said seven of those killed were citizens of Uzbekistan. At least 13 killed in Ukrainian drone strike deep into Russia Russia's businesses under strain from Ukraine's attacks on Wildberries How Ukraine is taking the war 'deeper' into Russia","['Armed Forces', 'Air Force', 'Kharkiv', 'Sumy', 'Amazon', 'BBC']",['business'],-0.9985,0.406,True
7,https://www.yahoo.com/news/world/articles/russian-attack-ukraines-odessa-region-171839718.html,2026-08-11T17:18:39.000Z,Russian attack on Ukraine's Odessa region kills two and injures three,"At least two people have been killed and three injured in a Russian attack on the Odessa region in southern Ukraine, regional military governor Oleh Kiper said on Tuesday. A tanker lorry carrying oil residues and a car had caught fire, he said on Telegram without specifying what type of weapons were used in the attack. The Ukrainian Air Force had earlier warned of approaching Russian drones. Ukraine has been warding off a Russian full-scale invasion since February 2022.","['The Ukrainian Air Force', 'Oleh Kiper', 'Telegram']",['business'],-0.9786,0.3845,True
32,https://www.yahoo.com/news/world/articles/iran-backed-houthi-rebels-renew-154656557.html,2026-08-11T15:46:56.000Z,Iran-backed Houthi rebels renew attacks on key port city,"Iran-backed Houthi rebels have renewed their attacks on the Yemeni government-held city of Mokha, a key port city along the Red Sea, amid their blockade on Saudi exports in response to the Iran war. The attack was preceded by a deadly strike on a vessel off Mokha's coast in the Bab el-Mandeb Strait, killing three Pakistani nationals and one Indonesian national on Tuesday, Yemeni authorities said. Yemen's Transportation Ministry said three missiles struck the commercial vessel. The United Kingdom Maritime Trade Operationsconfirmed the attack, which it said authorities were investigating. These are the first deaths reported following a Houthi attack on shipping in the strait since the militantsdeployed their blockadelast month in response to what they described as a Saudi siege. Attacks across Yemen have also left dozens of government troops and civilians dead since last week, Yemen's military stated. The Saudis have denied any siege on the Houthis. Houthi spokesperson Mohammed Abdul-Salam accused Saudi Arabia of violating the ceasefire between both countries, but wrote on thesocial platform Xthat the rebels ""have never closed the door to dialogue and negotiation."" The Houthi capture of Yemen's capital in September 2014 led to Saudi Arabia intervening in the Yemeni civil war the following year,Al Jazeera reported. Hundreds of thousands died before a deadlock in fighting led to a ceasefire deal in April 2022. The Houthis in Marchwarned againstfurther aggression from the U.S., Israel and Persian Gulf countries toward Iran, calling for diplomacy and a path toward Palestinian self-determination in Gaza and the West Bank. President Trump warned that he would blame Houthi attackson Iranand hold the Islamic regime responsible. The Houthis set up the blockade in the Red Sea after Iran shut down the Strait of Hormuz, where roughly 20 percent of the world's oil and gas is exported. The closure of the strait has resulted in gas prices soaring globally, though the U.S. national average has dipped down to $4.01 after a lull in fighting between the U.S. and Iran, according toAAA's dataon Tuesday. The Associated Press contributed. Copyright 2026 Nexstar Media, Inc. All rights reserved. This material may not be published, broadcast, rewritten, or redistributed. For the latest news, weather, sports, and streaming video, head to The Hill.","['Houthi', 'Hill', 'Nexstar Media, Inc.', 'The Associated Press', 'Transportation Ministry', 'Al Jazeera', 'The United Kingdom Maritime Trade Operationsconfirmed']",['business'],-0.9935,0.3543,True
19,https://www.yahoo.com/news/world/articles/us-company-stokes-greenland-tensions-161812791.html,2026-08-11T16:18:12.000Z,US company stokes Greenland tensions by unloading drilling gear,"A US energy exploration company has sparked an outcry by unloading drilling equipment without authorisation on the east coast of Greenland, the autonomous Danish territory coveted by US President Donald Trump. Texas-based Greenland Energy, which insists it has no connection to the US president's territorial ambitions, maintains that it was merely taking a preliminary step toward exploration activities when it unloaded the gear last month in Nunap Qeqqa, also known as Jameson Land. Greenland Energy did not respond to an AFP request for comment, but it told Danish media in July that it believed that authorisation to unload and store its equipment, which was located in another part of Greenland, was only required within the oil exploration licence area. ""It was a mistake on our part, a mistake that will not be repeated,"" its managing director Roderick McIllree told Danish public broadcaster DR in late July. The equipment is currently stored in a hangar at Nerlerit Inaat Airport, near the village of Ittoqqortoormiit, the closest settlement to the licence area. The company has received a ""strong warning"" from the Greenland government, which in a statement last month added ""that all future logistical arrangements must be notified to and approved by the mineral resources authority before they are carried out"". Greenland Energy's chairman, Larry Swets, has been described as being close to Trump. And at a time when the US president still wishes to control the vast Arctic island, the prospect of a US energy company potentially carrying out exploration activities is making people uneasy. ""There is this vague sense of a connection to Trump,"" Ulrik Pram Gad, a researcher at the Danish Institute for International Studies, told AFP. - 'Anxiety' - ""This creates anxiety and tensions, all the more so because with Trump you can expect anything,"" he added. ""With this unauthorised unloading of equipment, the company has really not improved its chances with the Greenland authorities,""  said Anne Merrild, a professor at Aalborg University and Arctic specialist. In 2021, the Greenlandic government, which manages the island's natural resources, declared a moratorium on the exploration and extraction of oil across the Arctic territory, which has been profoundly disrupted by climate change. But the exploration licences under which Greenland Energy operates were issued earlier, in 2015 and 2018, and therefore remain valid. ""One of the conditions for keeping the licence is to actively explore the area,"" Pram Gad pointed out, while noting that ""the company is under pressure"", as it is not active currently. Activities are subject to specific permits, and Greenland Energy still hopes to obtain full approval to begin drilling soon in order to determine the quality of potential deposits. There is a need to double down on preparations and equipment on land that is inherently hostile due to the harsh Arctic conditions. ""We continue to be encouraged by the progress being made toward the remaining approvals required for drilling,"" Greenland Energy said in a letter to shareholders. Greenland's government is less optimistic. ""Given the current situation, I do not consider it realistic that the company can drill in the autumn,"" Greenland Foreign Minister Mute Egede, who is responsible for natural resources, told the territory's broadcaster, KNR. - Global tensions - The environmental and social impact studies required to approve the project have not yet been submitted, the Greenland government has noted. ""The few inhabitants of the region depend on the surrounding nature: they are hunters, fishers,"" Merrild explained. ""Drilling causes a lot of disturbance, and increased human activity would have an impact on wildlife."" In Ittoqqortoormiit, more than a hundred people -- out of the 325 inhabitants of the village -- demonstrated in mid-July against the project, according to KNR. The geological survey of Denmark and Greenland (GEUS) estimates that the region could contain the equivalent of 2.35 billion barrels of oil, a considerable volume for a single oil project, but limited when compared with reserves around the globe. ""In the company's logic, given current geopolitical tensions, the project sends a signal; it's a way of saying 'we have access to resources elsewhere',"" Merrild stressed. cbw/nzg/jll/dej/rmb","[""Greenland Energy's"", 'KNR', 'Jameson Land', 'Greenland Energy', 'Trump', 'AFP', 'the Danish Institute for International Studies', 'Aalborg University']",['business'],0.9381,0.3113,True
28,https://www.yahoo.com/news/world/articles/colombia-earthquake-test-la-espriella-155544310.html,2026-08-11T15:55:44.000Z,"Colombia earthquake tests new president, Taiwan learns from Ukraine on the battlefield, India-Bangladesh rivalry spills into cricket","A 7.4 magnitude earthquakestruckColombia yesterday – at least 160 people have died, though officials expect the toll to rise as rescue efforts continue. The quake's epicenter was in the Chocó region – one of Colombia's poorest areas that has also been wracked with clashes in recent years between the country's powerful armed groups. But damage to roads, buildings, and other infrastructure was reported across the country, including in Cali, Bogotá, and Medellín. The earthquake hit just three days after PresidentAbelardo de la Espriellawas sworn into office, and the disaster will prove to be an earlytestfor the right-wing leader, who now has to make good on his tough-on-crime pledge while also providing disaster relief. His budding friendship with US PresidentDonald Trump,who endorsed him back in June,could prove useful: Washington has alreadyofferedaid and support for the recovery, marking a sharp contrast with the often tense relationship between Trump and former Colombian PresidentGustavo Petro. Taiwan conducted its annual war games on Monday with a new twist: For the first time, itslowedhigh-speed mobile internet service across a large part of the island to simulate disruptions from a Chinese attack or natural disaster. The drill was designed to encourage Taiwan's 23 million residents to find other ways to communicate if mobile networks fail. It's one of several lessons Taiwan appears to be taking from Ukraine, where Russia hastargetedcommunications infrastructure since its full-scale invasion in 2022. Taiwan is also studying Ukraine's use of agile drones on the battlefield, building fleets of unmanned aircraft and attack boats to help deter a potential invasion. The island also aims to become a drone manufacturing hub, with agoalof producing 100,000 drones a month by 2030 and exporting half of them. An India-Bangladesh cricket series is atriskas diplomatic tensions between the two neighbors continue to simmer. The six-match series, featuring two of the sport's biggest powers, was originally scheduled for August 2025. Officials postponed the matches after relations deteriorated in 2024, when a student-led anti-government uprising forced then-Prime MinisterSheikh Hasina, a longtime Indian ally, to flee to New Delhi. Bangladesh's interim government has repeatedly criticized India for sheltering Hasina, who hascontinuedto make public appearances and hold press conferences. Politics have spilled onto the pitch of the world's second most popular sport before: in February, Bangladeshdeclinedto send a team to the Cricket World Cup in India, citing safety concerns for its players due to the political tensions.","['PresidentAbelardo de la Espriellawas', 'the Cricket World Cup', 'PresidentGustavo Petro', 'Trump', 'Bangladeshdeclinedto']",['business'],-0.9838,0.3106,True
37,https://www.yahoo.com/news/world/articles/divers-discover-wreck-warship-lost-153031581.html,2026-08-11T15:30:31.000Z,Divers discover wreck of warship lost 118 years ago,"By Dean Murray The wreck of a Royal Navywarshipsunk off the Isle of Wight 118 years ago has been discovered by divers. HMS Tiger was cut in two after she strayed into the path of the 10,000-ton cruiser HMS Berwick in 1908. Fewer than half of the 400-ton destroyer's 57-strong crew survived as she sank. The ship was considered lost at sea until Aug. 10, when their discovery was announced by the ProjectXplore dive group. It comes as the Government is changing the law to strengthen protections forshipwrecksthrough the Armed Forces Bill. (Guy Trees via SWNS) The graves of thousands of sailors and marines at sea will receive automatic legal protection through expanded powers. Under the Armed Forces Bill, potentially thousands of shipwrecks, such as HMS Tiger, will be safeguarded from the moment they are found by a 'protected place' designation. This will make it an offense to disturb or remove items from military wreck sites without permission, while permitting divers to visit freely, as long as they apply the principle of 'look but don't touch'. Minister for the Armed Forces Louise Sandher-Jones MP said: ""As well as protecting UK national security, Defence has a role to play in preserving our maritime heritage and the memory of those who gave their lives serving their country. (Joe Colls Burnett via SWNS) ""These protections go further to ensure that these vulnerable and nationally significant monuments are protected from day one of discovery, giving lost sailors the dignity and respect they deserve. ""This Armed Forces Bill is wide-ranging in the measures it proposes – from protecting our rich cultural heritage, to transforming the lives of military families by upgrading and improving the Defence housing estate."" While dozens ofmilitary shipwreckshave been safeguarded against illegal activity since the mid-1980s under the Protection of Military Remains Act, only vessels lost within the last 200 years can currently be protected. Expanding the Act to include wrecks more than 200 years old would mean that military vessels dating as far back as the Armada, including those of former foes, would qualify for protection. The same would go for merchant ships sunk while on military service under Admiralty orders. The proposed regulations have been welcomed by ProjectXplore, the team of divers and historians who discovered HMS Tiger's shattered remains. The team, who also found the wreck of cruiser HMS Nottingham in the North Sea last year, spent five years in the archives piecing together all the relevant data to help pinpoint the wreck's location. (Royal Navy via SWNS) Leo Fielding and Dan McMullen, co-organizers of ProjectXplore said: ""It has been the privilege of a lifetime to research, discover and document the wreck of HMS Tiger. We sincerely hope that our work will ensure that HMS Tiger, her story and the memory of those connected with her endure for future generations. ""ProjectXplore welcomes the proposed amendments in the Armed Forces Bill. We believe they represent a constructive step forward in protecting the United Kingdom's maritime heritage and ensuring that wreck sites of historical and archaeological significance are appropriately safeguarded."" Royal Navy Deputy Fleet Wreck Officer Lieutenant Commander Jen Smith said: ""Protecting military wrecks helps to ensure they are preserved for future generations. This is beneficial for our rich maritime heritage and the diving community who keep the stories of our lost shipwrecks alive. ""Divers are still able to visit these sites and witness history first-hand, which is key to ensuring that these ships and their crews are not forgotten. ""All we ask of divers is this – enjoy looking, learning and paying your respects at these incredible sites, but do so in a manner that does not disturb them."" The postDivers discover wreck of warship lost 118 years agoappeared first onTalker.","['Defence', 'the Protection of Military Remains Act', 'HMS Tiger', 'ProjectXplore', 'SWNS', 'Royal Navy', 'cruiser HMS Nottingham', 'Government', ""HMS Tiger's"", 'Royal Navywarshipsunk', 'the Armed Forces', 'Armed Forces Bill']",['politics'],0.9959,0.3072,True
17,https://www.yahoo.com/news/world/articles/rescuers-race-colombia-earthquake-survivors-112256202.html,2026-08-11T16:18:35.000Z,Rescuers race to find Colombia earthquake survivors as death toll rises,"Rescue workers and volunteers rushed to clear rubble as they searched for survivors in Colombia on Tuesday after the country was struck by itsstrongest earthquake on record. At least 181 people died and more than 1,300 were injured in the earthquake, the mayors of major affected cities said in a joint statement. More than 3,000 people were reported missing. Many families posted information about loved ones online, hoping for information about their fate. The 7.4-magnitude quake struck cities across Colombia's western region shortly after 7:30 a.m. local time Monday, sending panicked residents onto the streets. The city of Pereira, one of the hardest hit, was plunged into darkness Monday evening as volunteers combed through the remains of collapsed buildings searching for survivors. Throughout the night, residents navigated blacked-out streets with torches. Volunteers searched the ruins of a six-story building of shops and offices where two girls were believed to be trapped. ""It's so sad to see the whole city like this, knowing that there may still be people alive under there,"" said Juana Marin, 25, who joined dozens of volunteers clearing rubble by hand. ""We're without power. This seems honestly like a zombie city,"" resident Juan David Gaitan said. At the airport in Pereira,videosshowed pieces of ceiling falling down on travelers taking shelter and screaming, and people running through rubble in a panic. The country's president,Abelardo de la Espriella, who had been on the job for only three days, declared a state of emergency and vowed a concerted rescue effort. Around 1,600 buildings across the country were reported damaged or collapsed, with rescue workers and volunteers seen clearing rubble by hand in some places. In Cali, volunteers quickly went to work with picks, basic tools and their own hands to try to find survivors. Rescuers formed human chains to remove bricks and masonry, stopping every few minutes to listen for signs of life from those trapped below. Andres Felipe Mejia was among those who joined a makeshift crew. ""One of the rescuers asked anyone trapped to whistle, and someone whistled back,"" he said near a pancaked building. ""They pulled out a man and a baby, but the wife is still in there,"" he said. Hospitals in five Colombian cities were put on red alert Monday and a nighttime curfew was declared in Cali, according to local authorities. ""It felt like the end of the world — cars and motorcycles driving the wrong way, everyone searching for their loved ones,"" said volunteer rescue worker Nelson Moreno. Dana Carolina Zamora posted an image of her missing 60-year-old uncle, Miguel Ángel Zamora, cradling his dog. The farmer was living in a rural area of El Cairo, not far from the quake's epicenter in San Jose Del Palmar. ""We are afraid. We hope that is not the case, that he is all right and that it is only a communication failure. But we haven't heard anything from him,"" Zamora said. De la Espriella announced Monday night that he had mobilized ""the entire military and police apparatus"" to respond to the temblor. The Vatican said Tuesday that Pope Leo XIV is ""deeply saddened"" by the earthquake. ""The Holy Father, deeply saddened to learn the painful news of the earthquake that has seriously affected several areas of Colombia ... offers prayers for the eternal rest of the deceased and raises his prayers to the Lord for the prompt recovery of those affected by this tragedy,"" the Vatican's secretary of state, Pietro Parolin, wrote in a note to the archbishop of Cartagena, Francisco Javier Munera Correa. U.S. Secretary of State Marco Rubio said in asocial media poston Monday that the Trump administration was closely monitoring the earthquake response and ""stands ready to support the people of Colombia."" The U.S. announced $15.5 million in emergency relief. South Florida organizations are among U.S.-based humanitarian groups mobilizing to send aid to Colombia. ""There's a lot of damage, and we are waiting for information as to what the needs are. The first is rescue and recovery,"" Fabio Andrade, a Weston city commissioner and a Colombian American, toldCBS News Miami. European Union chief Ursula von der Leyen said the EU had mobilized Copernicus, a satellite service, to help with rescue operations. Israel, Mexico, Ecuador and France also offered assistance.","['EU', 'Rescue', 'Cartagena', 'De la Espriella', 'Copernicus', 'toldCBS News Miami', 'European Union', 'State']",['business'],-0.4264,0.3043,True
38,https://www.yahoo.com/news/world/articles/least-24-dead-7-4-160635362.html,2026-08-11T15:28:27.000Z,"Colombia earthquake: Dozens dead, people trapped in collapsed buildings","At least 224 people are dead after a 7.4-magnitude earthquake rocked western Colombia on Monday, Colombia's Public Ministry said. The country's new president, Abelardo de la Espriella, has declared a national disaster, with destruction reported in multiple cities. The earthquake's epicenter was 5 kilometers, or about 3 miles, east of San José del Palmar, Colombia, according to the U.S. Geological Survey. Santiago Saldarriaga/AP - PHOTO: Residents and rescue workers search through the rubble of a collapsed building after an earthquake struck Cali, Colombia, Aug. 10, 2026. Along with the 224 dead, at least 572 others have been injured, officials said. Alejandro Eder, the Mayor of Cali, said in asocial media poston Tuesday morning that of the people killed in the earthquake, 95 perished in Cali, the second-largest city in Colombia with more than 2.2 million residents. Eder said at least 86 people have been rescued in Cali so far. Preliminary reports indicate that at least 239 people are believed to be trapped in rubble and 949 people injured in the city, according to Eder. Additionally, 93 structures have been damaged and another 45 have partially or wholly collapsed, he said. ""Today more than ever, we need to be united and help each other,"" Eder said in the post. The U.S. State Department said in a post on X that the Trump administration is committing $15.5 million for the Colombia earthquake response that will go towards emergency shelter, food, protection and earthquake assessments. Some of the hardest-hit regions include the cities of Pereira and Cali. Dozens of people have been reported dead in their respective departments. De La Espriella, who was just sworn in as president on Friday, said more than 1,600 homes across the country collapsed in the earthquake. He said dozens of health centers, community centers and roads were also damaged. A rescue effort was ongoing in a building where people are believed to be trapped, according to officials. A hospital in Cali experienced severe damage, with one of the wings partially collapsing, and patients were being relocated, the local governor said. Eder announced a curfew from 8 p.m. Monday to 6 a.m. Tuesday to ""ensure safety in the city and to provide sufficient space and conditions for rescue workers to continue their efforts."" Joaquin Sarmiento/AFP via Getty Images - PHOTO: People look for survivors amid the rubble of a collapsed building after an earthquake in Cali, Colombia, Aug. 10, 2026. The governor of Chuco said there were injuries and ""severe damage"" to buildings in the department's capital city of Quibdo. Seven airports have suspended service in the cities of Armenia, Cali, Manizales, Pereira, Quibdo, Buenaventura and Cartago. Jonh Bonilla/AFP via Getty Images - PHOTO: Rubbles on a street are pictured after the earthquake in Manizales, Colombia, Aug. 10, 2026. There have not been any reports of collapsed buildings in the capital of Bogota, officials said. The earthquake was the strongest recorded in the country in a decade, according to the Colombian Geological Survey. It was widely felt throughout Colombia and in neighboring countries, including Venezuela, Ecuador and Panama, it said. The Colombian president said in a video on social media that he was headed to Bogota to ""focus on addressing the emergency facing our country"" and has convened a unified command post to respond to the affected areas, including what's known as the Coffee-Growers' Axis. The Trump administration is ""closely monitoring"" the earthquake and stands ""ready"" to support the people of Colombia, Secretary of State Marco Rubio said in a statement.","['the U.S. Geological Survey', 'Joaquin Sarmiento/AFP', 'the Colombian Geological Survey', ""the Coffee-Growers' Axis"", 'Public Ministry', 'De La Espriella', 'Cartago', 'Getty Images - PHOTO', 'The U.S. State Department', 'State']",['business'],-0.9948,0.3038,True
27,https://www.yahoo.com/news/world/articles/queen-letizia-king-felipe-issue-155858388.html,2026-08-11T15:58:58.000Z,Queen Letizia and King Felipe issue urgent statement in 'difficult times' following disaster,"Queen LetiziaandKing Felipe VIof Spain have expressed their ""heartfelt condolences"" to those affected by the largest earthquake Colombia has seen in years. A devastating and powerful 7.4 magnitude earthquake rattled western Colombia on Monday, killing at least 132 people. ""We wish to convey to the Colombian people our deepest solidarity and full support during these difficult times,"" a translated statement released by the Royal Household on 11 August read in response to the natural disaster. It continued: ""We offer our heartfelt condolences to those who have lost a loved one and to all those affected by the earthquake. ""Our thoughts are also with the missing persons, including 164 Spaniards who have not yet been located, and we hope that they may all be found as soon as possible."" King Felipe had visited Colombia just days earlier for the inauguration of the new president, Abelardo de la Espriella, on 7 August. King Felipe VI and Queen Letizia of Spain shared a message following the devastating earthquake in Colombia (Getty Images) The epicentre of the 7.4 magnitude quake was in the village of San José del Palmar, causing widespread destruction in western Colombia. The quake was felt across Manizales, Cali, and Pereira, as well as neighbouring Ecuador and Panama. Since the earthquake struck on 10 August, the death toll has risen to 132 people and 570 injured, according to the Colombian Association of Capital Cities. Cali, which is the most populous city in southwest Colombia, has been the worst affected area with 85 reported deaths. Colombia's president, Abelardo de la Espriella, assured he was at the ""forefront of the situation"" in a translated update shared on X (formerly Twitter). ""In the face of the emergency, the State responds: united, coordinated, and in action to protect the lives of Colombians. I am at the forefront of the situation. It pains me deeply what the families and affected regions are going through. Colombia is united and we will move forward together,"" he wrote. The royal couple also spoke out after twin earthquakes in Venezuela earlier in the year (Getty Images) The disaster in Colombia comes after two devastating earthquakes hit Venezuela in June, leaving more than 6,000 people reported dead. ""Our full support goes out to the people of Venezuela following the tragedy caused by the two earthquakes that have struck the country,"" a translated statement issued by Spain's Royal Household read. ""We want to convey our solidarity, our compassion, and our strength to all those injured and to the communities affected by this disaster. Our thoughts are with the families of the victims during this difficult time.""","['the Royal Household', 'Getty Images', 'Royal Household', 'King Felipe VI', 'the Colombian Association of Capital Cities', 'King Felipe', 'State']",['business'],-0.9879,0.3022,False
34,https://www.yahoo.com/news/world/articles/colombia-earthquake-death-toll-reaches-153816973.html,2026-08-11T15:38:16.000Z,Colombia Earthquake Death Toll Reaches 224 as Rescue Crews Rush to Free Trapped Survivors,"At least 224 people have been confirmed dead after a 7.4 magnitude earthquake struck eastern Colombia on Aug. 10 In addition to those who have died, more than 2,700 people have been reported missing and at least 600 have been injured Rescue teams have been working to free trapped survivors more than 24 hours after the earthquake first hit At least 224 people have been confirmed dead after a 7.4 magnitudestruck eastern Colombia. On Monday, Aug. 10, a devastating earthquake struck the South American country at about 7:34 a.m. local time, causing the collapse of dozens of buildings in its third-largest city, Cali, according to reports fromReuters,CNNandThe New York Times. One day after the natural disaster, theAustralian Broadcasting Corporation(ABC) reported that the death toll has risen to 224, with more than 2,700 people having been reported missing.CBS Newsalso reported that at least 600 people have been injured. Colombian President Abelardo de la Espriella has declared a national disaster and announced that he was traveling to Bogotá, the country's capital, to ""focus on addressing the emergency that our country faces."" A collapsed house is pictured after an earthquake in Pereira, Colombia, on Aug. 11, 2026Credit: Jaime SALDARRIAGA / AFP via Getty ""I have convened a United Command Post at the UNGRD from where I will personally lead the actions to assist communities in Choco, Eje Cafetero, and all affected areas,"" hewrote on X. He added, ""To the Colombians who are today facing hard times, I want to say: you are not alone. You have a President who hurts for his people and who will do whatever is necessary to protect them, stand by them, and get through, together, all the affected regions."" Never miss a story — sign up forPEOPLE's free daily newsletterto stay up-to-date on the best of what PEOPLE has to offer, from celebrity news to compelling human interest stories. While the epicenter of the quake was located in San Jose del Palmar, approximately 174 miles west of Bogotá, the powerful earthquake was felt in nine departments and all 32 departmental capitals, after which it triggered mass evacuations, according to Reuters. It was also felt in neighboring Ecuador and Panama. Alejandro Eder, the mayor of Cali, said that at least 20 buildings had collapsed in the city with people trapped inside. ""We are already managing this emergency alongside all of Cali's rescue agencies,"" heshared on X. ""I ask the public to remain calm. Please check your buildings for any visible structural damage. If you do not feel safe, or if you see large cracks, please evacuate the building."" A woman looks at inside a collapsed house after an earthquake in Pereira, Colombia, on Aug. 11, 2026Credit: Luis ACOSTA / AFP via Getty On Tuesday, Aug. 11, firefighters shared a video of rescue crews pulling a 35-year-old man from the wreckage of a collapsed building nearly 24 hours after the earthquake hit. ""We have found life under the debris,"" theywrote on X. ""Every minute counts!"" According to theTimes, the United Nations humanitarian agency said that preliminary reports indicated that 1,684 homes were damaged and 77 were destroyed. It also said that 61 buildings had collapsed. Colombia's armed forces sharedimagesof a search underway in Cali around 11 p.m. on Monday night. After a structure collapsed, they used dogs and drones equipped with thermal cameras to assist in finding and identifying victims under the rubble. Read the original article onPeople","['CBS Newsalso', 'United Nations', 'Rescue', 'United Command Post', 'UNGRD', 'theTimes', 'theAustralian Broadcasting Corporation(ABC', 'CNNandThe New York Times', 'Reuters', 'Rescue Crews Rush', 'forPEOPLE']",['business'],-0.9875,0.2978,False
26,https://www.yahoo.com/news/world/articles/tragic-piece-wwii-history-discovered-160100323.html,2026-08-11T16:01:00.000Z,Tragic piece of WWII history discovered on historic submarine,"The World War II submarineUSSSilversidesis currently receiving its first dry dock preservation work in over 50 years. The thorough review of the famed piece ofWorld War II naval historyis often a largely routine effort, but workers recently discovered something entirely unexpected while inspecting the sub: a flood valve stamped with the word ""Trigger"" alongside the serial number L-792-228. The component itself is mundane, but its context is remarkable. According to historians, the valve is likely theonly surviving piece of the USSTrigger, a similarGato-class submarine with a much more tragic fate than theSilversides. Named after the unnervinglytoothy triggerfish,theTriggerlaunched from California's Mare Island Navy Yard on October 22, 1941. Although initially slated to participate in the Battle of Midway, the sub ran aground northeast of the island before returning to Pearl Harbor on June 9, 1942. TheTriggerwent on to complete 11 patrols before meeting her fate during the 12th outing. On March 28, 1945, nearby U.S. vessels in the East China Sea overheard Japanese planes and vessels engage in a two-hour attack on a fellow submarine that included a barrage of depth charges. Postwar Japanese records also reported that an aircraft located and bombed a U.S. sub on the same date, followed by eyewitness confirmation of a large oil slick indicative of a successful sinking. After not arriving at Midway Island by May 1, officials reported theTriggeras presumed lost, and her name was stricken from the Naval Vessel Register on July 11. TheSilversidesdeployed two months before theTrigger, so it's unclear why the surviving submarine ended up with a flood valve initially intended for the latter vessel—although their components are presumably interchangeable given that both areGato-class subs. Regardless of the explanation, the discovery serves as a poignant reminder that while many ships and their crews ultimately returned home following WW2, many did not. TheSilversideshas been the centerpiece ofits own museumin Muskegon, Michigan since 1987. The nearly 312-foot-longGato-class submarine is now across Lake Michigan for its facelift in Sturgeon Bay, Wisconsin. The $3.5 million dry docking project will finish in October, ensuring the historic submarine remains seaworthy for at least another 15–20 years upon returning to its museum.","['the Battle of Midway', 'L-792', 'Mare Island Navy Yard', 'TheSilversidesdeployed', 'USSTrigger', 'the Naval Vessel Register']",['business'],-0.8384,0.2923,False
31,https://www.yahoo.com/news/world/articles/warship-earmarked-river-clyde-museum-154705548.html,2026-08-11T15:47:05.000Z,Warship earmarked as River Clyde museum threatened with destruction,"A former Royal Navy warship which served in the Falklands War could be destroyed if campaigners fail to raise £2m to bring it back to Scotland. HMS Ambuscade was built at the Yarrow shipyard in Glasgow in 1975 and was part of the Royal Navy's fleet until 1993 when it was sold to Pakistan. It was used to rescue 377 tourists in the Maldives during the Indian Ocean tsunami in 2004, by which time it had been renamed PNS Tariq. The charity Clyde Naval Heritage (CNH) wants to bring the Type 21 frigate back to the River Clyde and turn it into a floating museum - but the Pakistan Navy has now ordered the vessel to leave Karachi by the end of September amid soaring transfer costs. The £2m required is nearly double the figure originally needed, largely because insurance costs have gone up due to the conflict between the US and Iran. Shipping has been significantly impacted since Iran blocked the Strait of Hormuz earlier this year, and there have been a number of attacks on vessels on the alternative waterway through the Red Sea. CNH chief executive David O'Neill said the Pakistan Navy told him they would ""dispose"" of HMS Ambuscade if she is not removed by September and the immediate circumstances were not looking hopeful. ""We cited the continuing attacks on shipping, UK government advice and international shipping advice not to transit, but they don't accept this,"" he said. [BBC] O'Neill signed a deal with the Pakistan Navy in September 2023, transferring the ship to him on the basis that he took Ambuscade back to Scotland. His vision was to have the ship permanently berthed near the Beacon Arts Centre in Greenock and turn it into a museum paying tribute to the Clyde shipbuilding industry. He also wanted to give the Pakistani community a cultural landmark in Scotland. O'Neill said he is still engaged with both Inverclyde Council and Glasgow City Council, both of which have endorsed his museum plans. But he warned it is unlikely he will be able to raise £2m in such a short period of time, as conflicts have put an end to a previous sponsorship branding plan. If Ambuscade is destroyed, O'Neill said it would represent a ""quiet fading"" of Scottish heritage. ""For the Clyde, it would mean the loss of a new tourism site with all of the heritage, cultural, jobs, economic benefits and education prospects,"" he added. In 2014, HMS Plymouth - another of the last surviving warships from the Falklands War campaign - wastowed out to sea from the River Mersey to be destroyeddespite a campaign to save it. The ship, which played a key role in the recapture of South Georgia from Argentinian troops in April 1982, was decommissioned in 1988. At the time Peel Ports, which owned the dock in Birkenhead where the ship was berthed for years, said it had ""no practical choice but to dispose of her responsibly"" but did not confirm the vessel's final destination. Ambuscade is the second Clyde-built ship O'Neill has attempted to rescue in recent years before running into difficulties. He campaigned to bring the Falls of Clyde back to Scotland from Hawaii, where the Victorian sailing ship had been moored as a museum in the 1960s before falling into disrepair. However, O'Neill ran into legal complications before the pandemic put his plans on hold. The ship was scuttled by the Honolulu Harbour Board last year. The tall ship was built in 1878 in Port Glasgow and spent many years carrying various cargoes to and from east Asia and Australasia before it moved to Hawaii. Could this warship return to the Clyde for good? Anger as historic Clyde ship towed out to sea and sunk in Hawaii Hormuz talks positive, Oman says, as Iran warns deal would not open strait","['the Pakistan Navy', 'Glasgow City Council', 'Inverclyde Council', 'the Beacon Arts Centre', 'Clyde Naval Heritage', 'Royal Navy', 'Maldives', 'CNH', 'the River Clyde', ""O'Neill"", 'the Falls of Clyde', 'the Honolulu Harbour Board', 'BBC', 'Ambuscade', 'Karachi', 'River Clyde', ""the Royal Navy's""]",['business'],-0.973,0.2899,False
4,https://www.yahoo.com/news/world/articles/man-dies-punch-security-guard-175854109.html,2026-08-11T17:58:54.000Z,"Man dies after punch from security guard in Turkey bar, inquest hears","A rugby player was punched in the head by a security guard while on holiday in Turkey and died after he returned home, an inquest has heard. Scot James, from Maesteg, Bridgend county, had been in hospital since he suffered head and brain injuries in an alleged bar assault on 5 July. He fell and hit his head during a ""verbal exchange"", Pontypridd Coroner's Court was told on Tuesday. The 34-year-old was repatriated to the UK and died on 26 July at the Royal Glamorgan Hospital in Llantrisant, Rhondda Cynon Taf. A provisional cause of death was given as blunt head injury. James' family described him as a ""loving father, son, grandson and partner"" in tributes following his death. Maesteg Celtic RFC said he was an ""outstanding player and a great character"". Coroner Rachel Knight said a full inquest was necessary as there was reason to suspect the death may have been unnatural. She said that as police in Turkey would potentially be investigating James' death, the next inquest hearing would be scheduled for later this year. Knight said it may be necessary to pause inquest proceedings pending the outcome of any criminal investigation and confirmed the court would liaise with Turkish authorities. Police in Turkey are understood to be investigating the death, with assistance from the Foreign Office. In a statement, James' family said he ""had a warm heart, a great sense of humour, and a natural ability to bring people together"". ""We are heartbroken by his loss,"" they said. ""No words can truly express the pain we are experiencing or the void his passing has left in our lives."" Maesteg Celtic RFC said: ""Everyone at the club is devastated by this news and our thoughts go out to his family and friends at this difficult time."" What he told me made my blood run cold - Michael Sheen investigates Wales' toxic legacy When and where to see the solar eclipse in Wales Charlotte Church's forest school set up without permission on pig farm faces closure","['Maesteg Celtic RFC', 'the Foreign Office', 'Wales', ""Coroner's Court"", 'Knight', 'Maesteg, Bridgend county', ""Wales Charlotte Church's""]",['politics'],-0.9682,0.2664,False
10,https://www.yahoo.com/news/world/articles/prince-albert-princess-charlene-issue-170110558.html,2026-08-11T17:01:10.000Z,Prince Albert and Princess Charlene issue heartfelt message after Colombia earthquake,"Prince Albert II of Monaco and Princess Charlenehave shared an emotional message of support following the powerful earthquake that struck western Colombia, offering condolences to the victims and expressing solidarity with those affected. You may also like Prince Albert and Princess Charlene join Prince William and Kate Middleton with a rare heartfelt message Shakira, Sofía Vergara, Camilo, and Maluma leads celebrity support after deadly Colombia earthquake Prince Albert marks major milestone for Princess Grace's legacy with new hospital handover Continue reading The statement, released Tuesday through the Prince's Palace of Monaco, came after the 7.4-magnitude earthquake devastated several regions of western Colombia, causing significant loss of life, leaving thousands injured and prompting emergency rescue efforts across the country. Prince Albert II and Princess Charlene shared a heartfelt message following Colombia's devastating earthquake. (Pool/ABACA/Shutterstock) Authorities have declared a state of emergency as search teams continue looking for survivors. Signed by Prince Albert on behalf of himself and Princess Charlene, the message reads: ""Princess Charlene and I learned with profound emotion of the powerful earthquake that struck western Colombia yesterday, causing numerous victims and many injured."" Prince Albert expressed Monaco's ""complete solidarity"" with the Colombian people. (Palais Princier de Monaco) The Sovereign Prince continued by extending the principality's sympathy to those affected. ""My family and the people of Monaco join me in offering the Colombian people our sincerest condolences and expressing our complete solidarity in the face of this tragedy."" A magnitude 7.4 earthquake struck Colombia on August 10, 2026, and killed at least 111 people, damaged more than 1,500 buildings, and left an unknown number of people buried under rubble. (JAIME SALDARRIAGA) The statement concluded with a message of compassion for those mourning loved ones and those recovering from injuries. ""Our thoughts are with the bereaved families and the injured, to whom we extend our deepest compassion during these painful moments."" The message echoes one issued by the Monaco royal family in June after the devastating twin earthquakes that struck neighboring Venezuela. Prince Albert and Princess Charlene joined other European royals in offering condolences to Colombia. (JOAQUIN SARMIENTO) At the time, Prince Albert and Princess Charlene similarly offered their condolences and affirmed Monaco's solidarity with the Venezuelan people, underscoring the principality's longstanding tradition of publicly supporting nations affected by humanitarian disasters. Monaco's statement follows similar messages from other European royal households. Spain's King Felipe VI and Queen Letizia also publicly expressed their condolences and support for Colombia in the aftermath of the disaster, reflecting a broader show of solidarity from royal families across Europe. Authorities have declared a state of emergency as search teams continue looking for survivors. (JAIME SALDARRIAGA)","['Palais Princier de Monaco', 'Princess Charlenehave', ""the Prince's Palace"", 'King Felipe VI', 'Monaco']",['entertainment'],0.34,0.2612,False
1,https://www.yahoo.com/news/world/articles/strabane-residents-urged-unite-behind-180709140.html,2026-08-11T18:07:09.000Z,Strabane residents urged to unite behind final UK Town of Culture bid,"An appeal has been made to residents, businesses and community groups in Strabane to get behind the final submission in its bid to become UK Town of Culture 2028. Following last month'sannouncement that it had been shortlisted among 15 locationsfrom more than 400 expressions of interest, Derry City and Strabane District Council is stepping up preparations for the final bid to be submitted by the end of November. The council is urging people in Strabane to play their part in shaping the bid and demonstrating the strength of support that exists across the town. A public campaign is encouraging people to show their support and help showcase Strabane's ""pride, creativity, culture and ambition"". Previously, some people in the County Tyrone town said the nomination was bittersweet given that Strabane's main arts centre, the Alley Theatre, is closed due to a water leak - andset to remain shut for much longer than first expected. The Alley Theatre in Strabane is now closed for the rest of 2026 [DCSDC] Mayor of Derry City and Strabane District Council, Grace Uí Niallais, said the shortlist announcement was a major achievement, but stressed the next stage would require the whole community to get behind the bid. ""Being shortlisted is a fantastic achievement for Strabane and recognition of the creativity, resilience and ambition that exists across our town and communities,"" Uí Niallais said. ""This next stage presents a real opportunity for everyone to play their part in shaping the future of Strabane. ""I would encourage residents, community groups, schools, businesses and cultural organisations to get involved, share their ideas and help us create a bid that truly reflects the spirit, talent and potential of local people."" Strabane is in the mix for the UK's first Town of Culture in 2028 [Getty Images] The council's head of culture, Jacqueline Whoriskey, said the initial bid had received extremely positive feedback from the judging panel, particularly for its vision, authenticity and strong community foundations. Whoriskey said an internal project team was now developing an extensive programme of engagement to help strengthen the final submission. ""We were really pleased with the feedback we received from our bid and are excited to move to the next stage in developing an exciting and innovative bid programme,"" she said. ""We will be reaching out to communities and organisations within Strabane over the coming weeks and months to get as many people as possible on board to sign up to help and get involved."" UK Town of Culture is a new Department for Culture, Media and Sport (DCMS) competition. It said it was inspired by the success of the UK City of Culture and aims to ""celebrate towns and help to create a lasting cultural legacy"". The government will select the best small, medium and large towns from the applications it receives. One of these will be named UK Town of Culture 2028 and receive £3m to develop a year-long programme of cultural celebrations while the other two finalists will each receive £250,000. The new competition - which has seen 15 places selected from almost 400 applications - will run alongside the UK City of Culture 2029. The final bid for the UK Town Of Culture will be submitted by council in November, with the judging panel expected to visit the shortlisted locations in early 2027. The winning location, along with two runners-up, will be announced in March 2027. Drama festival cancelled due to theatre water leak Temporary theatre closure after water leak 'a big loss' UK Town of Culture nomination 'bittersweet' amid theatre closure","['Temporary', 'County Tyrone', 'The Alley Theatre', 'the Alley Theatre', 'Department for Culture', 'Media', 'first Town of Culture', 'Niallais', 'Getty Images]', 'Whoriskey', 'Strabane District Council']",['entertainment'],0.999,0.257,False
23,https://www.yahoo.com/news/world/articles/unesco-afghan-school-ban-affects-160340650.html,2026-08-11T16:03:40.000Z,UNESCO: Afghan school ban affects 2.4 million girls,"Around 2.4 million girls are currently excluded from secondary schooling in Afghanistan as a result of Taliban government policy, according to an estimate published by the UN's Paris-based cultural organization on Tuesday. ""Women have been erased from public life, and as a new generation of girls grows without an education, their future becomes increasingly dark,"" it said. That figure could rise to almost 4 million by 2030, UNESCO predicted. The estimate is based on the number of girls who already enrolled in secondary school and had to leave after the Taliban took power, as well as girls currently completing primary school. Afghanistan is the only country in the world to ban girls and women from receiving education beyond primary school. Two decades of progress were being undone as a result, UNESCO said. After taking power in 2021, the Taliban drastically restricted women's rights. They are not allowed to attend secondary schools or universities. They are also largely being pushed out of the workforce. UNESCO sees these restrictions as a serious human rights violations and forecasts that the exclusion of girls from education will worsen poverty in the country and leave potential untapped. ""At a time when nearly half of Afghans live below the poverty line, denying girls and women access to education and restricting their employment further undermines their ability to support their families and contribute to the country's economic future,"" it said. The UN body believes that girls run the risk of marrying at a younger age and says the ban on continuing their education harms their well-being. UNESCO estimates that the country could lose around $9.6 billion in income by 2066, as numerous highly educated women are likely to have left the workforce by then. UNESCO is working in Afghanistan to provide alternative learning opportunities. More than 69,000 people have participated in these programs since 2021, 70% of them girls and women.","['Taliban', 'UN', 'UNESCO']",['politics'],-0.9868,0.2569,False
11,https://www.yahoo.com/news/world/articles/london-police-seized-over-10-170000229.html,2026-08-11T17:00:00.000Z,London Police Seized Over $10 Million Worth of Supercars Last Weekend for ‘Anti-Social’ Driving,"As tempting as it may be to put pedal to metal, you must obey the rules of the road—even in a supercar. Police in London seized 90 vehicles this past weekend as part of a years-long crackdown on ""anti-social and dangerous"" driving behavior,according to a Met press release. Authorities put the value of the seized vehicles at over $10 million, thanks in no small part to one of the cars being aFerrari Monza SP2. More from Robb Report Patrick Mahomes on Hublots, Tacos, and the Ferrari SF90 His Financial Advisor Didn't Want Him to Buy Road Test: Why the New Ferrari Amalfi Spider Is the Finest All-Around Prancing Horse in Production A Pristine Ferrari 288 GTO, the Marque's First Halo Car, Could Fetch $11 Million at Auction The vehicles in question were seized by Metropolitan Police between Friday, August 7, and Sunday, August 9. Anti-social driving is the U.K.'s catchall term for driving that causes a nuisance or a safety risk, including but not limited to driving without insurance, street racing, riding in a convoy or doing stunts. This weekend's operation was focused on some of London's most affluent neighborhoods, including Hyde Park, Kensington, and Chelsea. The Lamborghini Revuelto seized by the Metropolitan Police Photographs of the seized vehicles show a wide variety of luxury and performance vehicles, including a Bentley Continental, a Lamborghini Revuelto, a Rolls-Royce Cullinan, and several Mercedes-Benz and Porsche models. But the headline car, without a doubt, is the Monza SP2. Authorities say the windscreen-less speedster had been in the country for less than a day and was seized for being driven without a license and not in accordance with a license. Its driver was only in possession of a provisional license and had been behind the wheel of the vehicle for less than half an hour when he was pulled over by police. The debut Icona Series car is one of just 499 examples built and is valued at $4.995 million. ""Through operations like this we're arresting these drivers and seizing their cars so we can keep our roads safe and send a clear message that we won't put up with their reckless and dangerous behavior,"" special chief inspector Geoff Tatman said in a statement. Some more of the seized vehicles This weekend's operation, which was supported by the Motor Insurers' Bureau, is the most successful in the history of a crackdown that began five years ago. Authorities attribute its success to a change in policy that allows officer to seize vehicles rather than issue their drivers a warning. Best of Robb Report The 2024 Chevy C8 Corvette: Everything We Know About the Powerful Mid-Engine Beast The World's Best Superyacht Shipyards The ABCs of Chartering a Yacht Sign up forRobbReports's Newsletter. For the latest news, follow us onFacebook,Twitter, andInstagram. Click here to read the full article.","['Chevy', 'Icona Series', 'Mercedes-Benz', 'Chelsea', ""the Motor Insurers' Bureau"", 'Tacos', 'the Metropolitan Police Photographs', 'the New Ferrari Amalfi Spider', 'London Police Seized', 'Bentley Continental', 'Porsche', 'Robb Report Patrick Mahomes', 'Metropolitan Police']",['business'],0.9935,0.2547,False
8,https://www.yahoo.com/news/world/articles/idf-opens-fire-suspected-hamas-171358818.html,2026-08-11T17:13:58.000Z,IDF opens fire on suspected Hamas sniper near Gaza Yellow Line,"The IDF said troops identified a hit after firing at a suspected Hamas sniper who posed an immediate threat near the Yellow Line in northern Gaza. IDF troops opened fire on a suspectedHamassniper who posed an immediate threat near the Yellow Line in northern Gaza, the military said on Tuesday. The troops identified a hit after firing at the man, according to theIDF, which did not provide further details on his condition. The military said Southern Command troops remained deployed in the area under the ceasefire agreement and would continue to act against immediate threats. The Yellow Line was established under the October 2025 ceasefire agreement as the boundary to which Israeli forces withdrew, leaving the IDF in control of roughly 53% of Gaza. It separates the Israeli-held area, largely in the east and south of the Strip, from the densely populated coastal area under Hamas control. Israeli forces have since pushed beyond the original boundary, with senior military officials telling the Security Cabinet in July that the IDF controlled between 67% and 70% of the Strip. Illustrative: Hamas' armed wing, releases video it says shows fighters using a Hamas-made sniper rifle to shoot Israeli soldiers. (credit: screenshot) However, senior officials from US President Donald Trump'sBoard of Peacesaid this week that the IDF was now positioned along the original Yellow Line, with no forces or outposts remaining beyond it. The officials said Israel had also halted targeted killings and was observing the ceasefire in practice, despite Prime MinisterBenjamin Netanyahu's public rejection of the board's proposed 15-point framework for Gaza. Netanyahu has said the IDF will not withdraw further until Hamas is fully disarmed, but will continue to act against immediate threats to Israeli troops and civilians. Amichai Stein contributed to this report.","['Hamas', 'the Security Cabinet', 'Peacesaid', 'Southern Command', 'IDF']",['politics'],-0.9313,0.2376,False
12,https://www.yahoo.com/news/world/articles/today-history-august-24-163134585.html,2026-08-11T16:31:34.000Z,"Today in history, August 24","Aug. 24 Today in history Today is Aug. 24. On this date in: 79:Mount Vesuvius erupted, destroying Pompeii and Herculaneum, killing what is believed to be thousands. The Aug. 24 date comes from a medieval copy of a letter by Pliny the Younger. But some copies of the letter have other dates, and botanical, graffiti and other evidence point to a possible fall date for the disaster. 410:An army of Visigoths led by Alaric sacked Rome. It was the first time in 800 years that Rome had been invaded, and it came to symbolize the fall of the Western Roman Empire. ""Sobs choke me. The city which had taken the whole world was itself taken,"" wrote Jerome, later a saint. 1682:The Duke of York deeded William Penn the ""Three Lower Counties"" that make up the present state of Delaware. Penn wanted the land for Atlantic access for his colony of Pennsylvania. 1814:British troops captured Washington, DC, and set fire to several government buildings. Most notable were the Capitol and the Executive Mansion, now called the White House. What they didn't confiscate, however, was a portrait of George Washington painted by Gilbert Stuart. First lady Dolley Madison instructed 15-year-old Paul Jennings to ""Save that picture, if possible,"" allegedly refusing to flee until the 8-foot portrait was unscrewed from the wall; for speed, she ordered the frame broken. 1821:Spanish Viceroy Juan de O'Donojú signed the Treaty of Cordoba, granting Mexico independence from Spain. The Mexican War of Independence had started 11 years earlier. 1949:NATO entered into force following the signing of its treaty four months earlier. The founding treaty pledged that the members would ""promote stability and well-being in the North Atlantic area"" and ""unite their efforts for collective defence and for the preservation of peace and security."" 1950:Judge Edith Sampson became the United States' first Black representative to the United Nations. She was named as an alternate delegate. Sampson was a woman of many firsts, including being the first Black woman to be elected to the judiciary. 1968:France became the world's fifth thermonuclear power, exploding a hydrogen bomb in a test on French Polynesia. The 2.6-megaton explosion contaminated the uninhabited atoll to such an extent that people could not set foot on the island for six years. 1981:Mark David Chapman was sentenced to 20 years to life in prison for the murder of John Lennon. He pleaded guilty, saying devils told him to shoot the former Beatle and God told him to confess. 1987:Civil rights leader Bayard Rustin died at 75. A chief organizer of the March on Washington, he was often kept behind the scenes because he was gay. 1996:Four women enrolled at the Citadel, a South Carolina military college that had lost a court fight to remain all-male. One of them, Nancy Mace, later successfully ran for Congress. 2006:The International Astronomical Union voted to demote Pluto to a ""dwarf planet."" The decision was highly controversial, with some influential scientists criticizing the definition of a planet and noting that only about 4% of the world's astronomers attended the conference. 2011:Steve Jobs resigned as CEO of Apple, saying he could no longer meet his ""duties and expectations"" due to health issues. He died of cancer less than two months later. – USA TODAY Network This article originally appeared on USA TODAY:Today in history, August 24","['Apple', 'Congress', 'the United Nations', 'Treaty', 'The International Astronomical Union', 'Pompeii and', 'Citadel', 'Younger', 'the Western Roman Empire', 'Herculaneum', 'NATO']",['politics'],-0.997,0.2222,False
21,https://www.yahoo.com/news/world/articles/torment-afghan-fathers-daughters-deprived-010727551.html,2026-08-11T16:16:29.000Z,Torment of Afghan fathers as daughters deprived of education,"Father after father AFP spoke to in Afghanistan about the education ban that stops their daughters going beyond primary school choked up in despair. The pain and anguish it is causing behind closed doors is clear from interviews AFP conducted across the country, with even deeply religious fathers questioning the ruling. The Taliban authorities justify the ban -- the only one of its kind in the world -- on their interpretation of Islamic law. But ""you will never find in the Quran that education is only for men,"" said one devout father, while another -- who praised the Taliban government for restoring security and reducing corruption -- said he couldn't ""find any proper justification for this"". All the men -- whose identities AFP is protecting -- described the emotional turmoil the bar is causing, with fathers losing sleep over what to do to help their bright and frustrated daughters. Nine out of 10 Afghan men questioned in a UN survey last year said it was important for girls to go to secondary school, with nearly two thirds considering it ""pious"" for a father to support his daughter's education. Some men have gone to prison for protesting the ban. Girls were barred from secondary schools in March 2022 after the Taliban authorities returned to power, with universities closed to young women later that year. The Taliban government did not respond to AFP questions about the ban. Officials insist the ban is temporary. But the UN's education wing UNESCO said Tuesday that an estimated ""2.4 million girls have been excluded from secondary education since 2021"" as it called for ""an immediate and unconditional restoration of their right"" to go to school. - Dreaded day approaches - Engineer Ahmad -- whose wife is a secondary school maths professor who is no longer allowed to teach -- said he never imagined that ""one day my daughters would be illiterate"". The father of four girls said ""stopping at the sixth grade"" will leave them effectively ""illiterate"" for the demands of ""the 21st century"". ""Every day and every night, my wife and I... are getting closer to the moment when our daughters will have to stay home,"" he said. With his eldest nearing the end of her time in primary school -- and clandestine courses in their northern city costing more than half his salary -- he sees no option but to leave. As an ex-employee of an international organisation, he was well on track to get his family to the United States before President Donald Trump slammed that door shut. Despite European countries regularly denouncing the restrictions Afghanistan puts on women, Sweden, Denmark and Germany have also refused them visas. The children ""do not know that we are losing our hope,"" Ahmad, 40, told AFP, adding that leaving illegally was ""too risky"". ""Every day"" the children ask, ""'When do we leave?'"" They try to keep their spirits up whatever way they can. Their eldest might fail her final year after breaking a bone during her exams. ""She was sad, but I said to her: 'If you have to repeat, you'll have an extra year at school.'"" - They can't go abroad - Mohammad, a doctor in a small town in Kabul province, said he always dreamed of sending his two daughters to one of the best universities. ""For the development of Afghanistan we need women, not only for the home,"" he said. His two daughters -- aged 12 and 14 -- are in their last year of primary, the older one having started school later. For the last four years he has been trying to come up with ways around the ban -- including sending them to school in neighbouring Pakistan, now impossible since the land border was sealed after hostilities intensified between the two countries. Then he was told about a school that secretly teaches general subjects alongside its religious curriculum. ""It's a private school"" that charges higher fees of ""around 10,000 Afghanis ($153)"" a month for the two girls because ""they are taking more risk"". And there is no graduation certificate. But Mohammad is afraid officials might inspect the school and ""take my daughters into custody"". ""The most important... is that they go on learning,"" the 42-year-old told AFP, adding that he told his daughters: ""'While I'm alive, I will find a solution for your education.'"" - 'How can I learn?' - N -- who only wanted to be identified by an initial -- is from Kandahar province in the south, a bastion of the Taliban movement, where he said girls can be excluded from school even before the end of primary if they are tall. He has three sons and a 12-year-old daughter. She ""is very interested in astronomy. The other day, she did a collage of the solar system. She asked me a lot of questions, on gravity for example, and I told her that... 'You will learn.' ""'How can I learn... if I cannot go beyond grade six,' she told me."" He moved his family to Kabul to find work and told AFP that ""we have to be patient"" and explore ways around the ""poison"" of the ban, like underground schools and online design or computer courses. ""Now I am working, I can afford the education of my children. But the opportunities are decreasing day by day and I may not be able to support that,"" with international aid also dwindling, he said. In the meantime, he tries to shield his daughter, with her school days already numbered. ""She does not know that there is this other stress on us,"" he said. - 'I hide to cry' - It was a feast day and everyone was celebrating, but M's daughter stayed in her room crying. At 13 she could no longer go to school. ""Beside the school (ban), girls are not allowed to go to parks for sightseeing or refreshments, it's really stressful,"" M told AFP, clearly shaken by his child's plight. He tries to take her to a restaurant once a week just to get her out. A devout logistics manager from a poor background, he worked hard to educate and improve himself, and praises the Taliban authorities for restoring security and fighting corruption. But ""I cannot find any proper justification for"" barring girls from secondary education, he said. ""Sometimes when she gets so disappointed at home,"" he cannot bear it, he admitted. ""I go to another room and... I hide to cry."" M wants his daughter to go to university, and saved every cent so they could move to Iran so she could study there. But the war put an end to that. So she could have some ""social interactions"", he enrolled her in a Quranic school, ""because staying at home all the time is stressful."" However, recently she has refused to go. ""Even if I continue, there will be no future for me,"" she told him. - Home schooling - ""My daughter and her classmates were in a very bad mood"" on the last day of primary school. ""It was tragic,"" said Nasir, who had already witnessed the pain his 15-year-old went through when her education was cut short. The trophies the girls won for excellence at school sit alongside the books on the shelves of the home library he and his wife, a teacher, have proudly put together for them. They tutor their daughters at home with secondhand high school textbooks they salvaged, making them stick to a strict weekday routine going ""early to bed, wake up at the same time as if you were going to school."" But alone in the living room, Nasir, 47, confided that his younger daughter ""is depressed and does not always have strong morale to continue learning on her own at home."" He gives her novels to soften the blow, as she loves to read. The girls -- who help others in their building with their homework -- have recently started going to classes outside in secret. ""We have sleepless nights"" about it all, Nasir admitted. ""This regime does not want educated people,"" he sighed. ""When will we go back to a normal life?"" iw/rsc/dp/fg/st","['M', 'Taliban', 'UN', 'UNESCO', 'AFP']",['politics'],-0.9948,0.2187,False
36,https://www.yahoo.com/news/world/articles/lebanon-parliament-votes-abolish-death-152411345.html,2026-08-11T15:32:09.000Z,Lebanon parliament votes to abolish death penalty,"Lebanon's parliament has voted to abolish the death penalty, a move that would make it the first country inthe Middle East to formally end capital punishment. A majority of MPs in the 128-seat parliament backed the measure on Tuesday, while Hezbollah's parliamentary bloc voted against it. The legislation will now go to the cabinet before being passed to President Joseph Aoun for signing. The government has already expressed its support for the measure. Lebanon has not carried out an execution since January 2004, although courts have continued to hand down death sentences. Rights groups estimate that more than 78 people remain on death row. Under the new legislation, capital punishment will be replaced with life imprisonment with hard labour. However, the legislation does not yet set out in detail how the new sentence would be enforced. Hard labour is alreadywritten intoLebanese law but has rarely been implemented in recent years. The country's financial crisis and overcrowded prisons have limited the authorities' resources and capacity. The latest legislation follows years of campaigning by civil society groups and lawyers for the removal of capital punishment from Lebanese law. ""We cannot solve a crime with a crime or end violence with violence,"" Oragit Younan told the BBC. As co-founder of the Lebanese Association for Civil Rights, she led a nearly three-decade campaign to abolish the death penalty in Lebanon. ""We are in a war, and people [have been] killed every day, so even in this situation, we can fight, we can struggle for human rights, and we can win. We can be a model for others,"" she said. Tuesday's vote in parliament follows more than two decades of a de facto moratorium on executions. An execution required a decree signed by the president, prime minister and justice minister - but no such decree has been signed since 2004. Under Lebanese law, the death penalty could previously be imposed for some of the country's most serious offences, including aggravated murder, certain terrorism-related crimes resulting in death, treason, espionage and offences against state security. Previous attempts to abolish the death penalty have failed, including legislation introduced in parliament in 2004 and a proposal from the justice ministry in 2008. Lebanon's move comes as the use of the death penalty remains contested elsewhere in the Middle East. Jordan resumed executions in June, carrying out its first since 2017. In Israel, its parliament has approved legislation that allows for the expansion of the circumstances in which capital punishment can be imposed. Israeli MPs passed a new law in May to impose the death penalty and conduct public trialsfor those involved in the Hamas-led attacks and mass hostage-taking in Israel in October 2023. Elsewhere, the UN human rights chief has said he is alarmed by the rise in executions in Iran, with capital punishment continuing to be used ""to instil fear among the population and suppress dissent"". In Iran, at least 56 people had been executed on national security-related charges since 19 March,including 27 in cases linked to January's nationwide anti-government protests, UN human rights chief Volker Türk said earlier this month. Palestinians convicted of lethal attacks face death penalty under new Israeli law","['Hezbollah', 'the Lebanese Association for Civil Rights', 'Hamas', 'UN', 'BBC', 'the justice ministry']",['politics'],-0.9994,0.2043,False
22,https://www.yahoo.com/news/world/articles/help-people-affected-colombia-earthquake-160546978.html,2026-08-11T16:05:46.000Z,How to Help People Affected by the Colombia Earthquake,"""Hearst Magazines and Yahoo may earn commission or revenue on some items through these links."" Colombia is beginning to recover from a devastating 7.4-magnitude earthquake that struck the western part of the country on Monday morning, leavingmore than 100people dead and many others injured. The earthquake hit early in the day, with its epicenter near San José del Palmar in the Chocó region, according to theU.S. Geological Survey. Some of theworst damagehas been reported in Cali, Pereira, Manizales, and communities throughout Chocó. The shaking was powerful enough to be felt hundreds of miles away in Bogotá and parts of Venezuela. The full extent of the destruction is still unclear. Homes and buildings have collapsed, hospitals and schools have been damaged, and rescue crews are continuing to search affected areas. Thousands of people are also dealing with the immediate aftermath of the disaster as aftershocks continue. Organizations in Colombia and around the world have already begun responding, whether by serving meals, supplying rescue crews, providing medical aid, or helping families who have been displaced. For those looking to support the relief and recovery efforts, here are several places to start: Direct Relief is working with organizations in Colombia to identify the most urgent medical needs. The nonprofit is prepared to provide medicine and supplies often needed after earthquakes, from antibiotics and wound-care materials to surgical supplies and medical packs for first responders. VISIT THE WEBSITE World Central Kitchen is responding alongside local partners to get meals to people in affected communities. Its teams are focusing on areas including Chocó, Cali, Pereira, and Manizales as rescue and relief efforts continue. VISIT THE WEBSITE GlobalGiving has created a dedicated Colombia Earthquake Relief Fund. Donations will help local organizations provide immediate necessities like medical care, food, clean water, temporary shelter, and hygiene supplies. The fund will also support communities through the longer rebuilding process. VISIT THE WEBSITE All Hands and Hearts has a disaster relief team on the ground in Colombia. The organization has been supplying local search-and-rescue crews with equipment, including tools and protective gear, while working with officials and partners to determine where additional help is needed. It is also supporting displaced families with emergency supplies. VISIT THE WEBSITE UNICEF is working alongside Colombian authorities as the response develops. The organization specializes in helping children and families during emergencies, including through health and nutrition services, clean water and sanitation, education, and child protection. VISIT THE WEBSITE The House Project is raising money to help families affected by the earthquake, with a focus on providing shelter and support to people who have been displaced. The U.S.-based nonprofit is mobilizing assistance for communities in Pereira, Cali, Manizales, Buenaventura, and Chocó. VISIT THE WEBSITE Colombia Se Levanta is collecting donations to support families affected by the earthquake. VISIT THE WEBSITE You Might Also Like 25 Watch Brands That Belong in Every Collection The 50 Best Animated Films to Watch With Your Kids The 28 Best Westerns of All Time","['Yahoo', 'GlobalGiving', 'The House Project', 'Colombia Earthquake Relief Fund', 'theU.S. Geological Survey']",['business'],0.9915,0.2025,False
30,https://www.yahoo.com/news/world/articles/help-people-affected-colombia-earthquake-155028201.html,2026-08-11T15:50:28.000Z,How to Help People Affected by the Colombia Earthquake,"""Hearst Magazines and Yahoo may earn commission or revenue on some items through these links."" Colombia is beginning to recover from a devastating 7.4-magnitude earthquake that struck the western part of the country on Monday morning, leavingmore than 100people dead and many others injured. The earthquake hit early in the day, with its epicenter near San José del Palmar in the Chocó region, according to theU.S. Geological Survey. Some of theworst damagehas been reported in Cali, Pereira, Manizales, and communities throughout Chocó. The shaking was powerful enough to be felt hundreds of miles away in Bogotá and parts of Venezuela. The full extent of the destruction is still unclear. Homes and buildings have collapsed, hospitals and schools have been damaged, and rescue crews are continuing to search affected areas. Thousands of people are also dealing with the immediate aftermath of the disaster as aftershocks continue. Organizations in Colombia and around the world have already begun responding, whether by serving meals, supplying rescue crews, providing medical aid, or helping families who have been displaced. For those looking to support the relief and recovery efforts, here are several places to start: Direct Relief is working with organizations in Colombia to identify the most urgent medical needs. The nonprofit is prepared to provide medicine and supplies often needed after earthquakes, from antibiotics and wound-care materials to surgical supplies and medical packs for first responders. VISIT THE WEBSITE World Central Kitchen is responding alongside local partners to get meals to people in affected communities. Its teams are focusing on areas including Chocó, Cali, Pereira, and Manizales as rescue and relief efforts continue. VISIT THE WEBSITE GlobalGiving has created a dedicated Colombia Earthquake Relief Fund. Donations will help local organizations provide immediate necessities like medical care, food, clean water, temporary shelter, and hygiene supplies. The fund will also support communities through the longer rebuilding process. VISIT THE WEBSITE All Hands and Hearts has a disaster relief team on the ground in Colombia. The organization has been supplying local search-and-rescue crews with equipment, including tools and protective gear, while working with officials and partners to determine where additional help is needed. It is also supporting displaced families with emergency supplies. VISIT THE WEBSITE UNICEF is working alongside Colombian authorities as the response develops. The organization specializes in helping children and families during emergencies, including through health and nutrition services, clean water and sanitation, education, and child protection. VISIT THE WEBSITE The House Project is raising money to help families affected by the earthquake, with a focus on providing shelter and support to people who have been displaced. The U.S.-based nonprofit is mobilizing assistance for communities in Pereira, Cali, Manizales, Buenaventura, and Chocó. VISIT THE WEBSITE Colombia Se Levanta is collecting donations to support families affected by the earthquake. VISIT THE WEBSITE You Might Also Like Here's What 40 Celebrities Looked Like as Teenagers Is Collagen Banking the Answer to Younger-Looking Skin? Trust Us—These Editor-Approved Fragrances Will Have You Smelling Like a Dream","['Yahoo', 'GlobalGiving', 'The House Project', 'Colombia Earthquake Relief Fund', 'Answer', 'theU.S. Geological Survey']",['business'],0.9915,0.2025,False
39,https://www.yahoo.com/news/world/articles/uk-radio-station-mistakenly-aired-152537103.html,2026-08-11T15:25:37.000Z,UK Radio Station Mistakenly Aired King Charles Death Report ‘Out of Curiosity’,"A British radio station mistakenly announced King Charles III's death after a staffer played pre-recorded announcements ""out of curiosity,"" according to the U.K.'s media regulator. Radio Caroline aired three statements declaring the King dead during ""The Barry Marsh Show"" on May 19, according to anOfcom ruling released Monday. The national anthem was also played before one of the statements was repeated. The station then went silent for roughly 16 minutes for listeners on DAB+, while AM listeners continued to hear music. Radio Caroline told Ofcom that an employee performing maintenance on a studio computer discovered three audio files pre-recorded for use in the event of the King's death. Despite ""strict instructions"" governing when they could be aired, the staffer played them ""out of curiosity."" The recordings interrupted the feed from the show's remote presenter and went out over the air. After realizing what had happened, the staffer stopped the files, ""panicked and left the premises,"" according to the station. The presenter did not immediately realize the show had been knocked off the air. Programming eventually resumed, with an apology and correction airing roughly 30 minutes after the false report. Ofcom found Radio Caroline in breach of two provisions of its Broadcasting Code, including requirements that news be reported with ""due accuracy"" and that significant mistakes be corrected quickly. The regulator called the report a ""very significant inaccuracy,"" pointing to the repeated announcements, the claim that news media had confirmed the King's death and the playing of the national anthem. Radio Caroline said it took the incident ""very seriously."" The staffer was reprimanded and apologized, while the recordings were removed from the studio computer to prevent another accidental broadcast. The postUK Radio Station Mistakenly Aired King Charles Death Report 'Out of Curiosity'appeared first onTheWrap.","['UK Radio Station Mistakenly Aired King Charles Death Report ‘Out of Curiosity’ A', 'Ofcom', 'anOfcom', ""The postUK Radio Station Mistakenly Aired King Charles Death Report 'Out of Curiosity'appeared"", 'Radio Caroline']",['entertainment'],-0.9801,0.1895,False
20,https://www.yahoo.com/news/world/articles/turkey-kurdish-region-greets-conditional-161809942.html,2026-08-11T16:18:09.000Z,"Turkey’s Kurdish region greets a conditional PKK pardon with relief, joy and doubt","DIYARBAKIR, Turkey (AP) — Residents in Turkey's mainly Kurdish-populated southeastern region reacted with a mix of relief, joy and uncertainty on Tuesday after parliament approved aconditional pardon for thousands of Kurdish militants, offering them a potential path toward integration into normal life in Turkey. Lawmakers on Monday voted overwhelmingly in favor of the legislation that is aimed at advancing a peace effort between the Turkish state and theKurdistan Workers' Party, or PKK, which waged a long-running insurgency before announcing last year that it would lay down its weapons. The measures, however, will only come into effect after Turkish authorities have verified that the group has fully disarmed. Residents in Diyarbakir, the region's main city, expressed hope the new law will bring peace — as well as prosperity to a region that has lagged behind economically. ""I was really very happy. I even applauded (the result) in my own home,"" said 70-year-old retiree Ali Akdogan. ""The economy will improve, good things will happen, people will start doing business."" ""I believe it will bring peace,"" he continued, noting that since the start of the peace process there have been no deaths related to the conflict, which killed thousands of civilians, soldiers and militants over more than four decades. Hasan Gecti, a 56-year-old shop owner, also said he believes the stability and lack of violence will benefit the region's people economically and socially but suggested that other matters, such as greater Kurdish rights, have not been addressed. Among other issues, Kurds have been calling for broader use of their language in education and public services, along with greater political rights, including an end to the government's practice of ousting elected mayors and replacing them with government-appointed officials. ""Has the Kurdish issue been directly solved? That's a bit of a question mark. In my opinion, only the terrorism problem has been solved,"" Gecti said. ""Unfortunately, the Kurdish issue still remains where it is."" The PKK declared a decision to dissolve itself last year in response to a call from its imprisoned leader,Abdullah Ocalan. The group then staged a symbolicdisarmament ceremonyin northern Iraq, where it is based, and announced that it was withdrawing fighters from key locations in Turkey to Iraq. The PKK launched the insurgency in the 1980s, initially with the aim of establishing a Kurdish state in the southeast of the country. Over time, the objective evolved into a campaign for autonomy and rights for Kurds within Turkey. Kurds are estimated to make up around 15–20% of Turkey's population. The new legislation will suspend some prison sentences for convicted PKK members and postpone ongoing investigations and trials against others for five or 10 years, depending on the severity of the alleged offenses. If no terror-related crime is committed within the time frame, the cases will be dropped. Turkish media reports said thousands of PKK members are likely to benefit, including those in exile in Europe and those who are based in Iraq and Syria. Militants convicted of intentional killings and those sentenced to life terms before 2005 are excluded from the bill's provisions. This applies to Ocalan and other senior PKK figures. Mehmet Kaya, head of the Diyarbakir Chamber of Trade and Industry, welcomed the fact that the legislation was passed with an overwhelming majority. ""It signals that violence is ending and the doors of politics are opening,"" he said. However, the law alone does not solve the Kurdish issue and that further reforms will be needed, he added. ""If the step taken from now bring sustainable democratization, social policies, and economic policies develop — which is the expectation — then the region will go through an important phase,"" Kaya said. In a statement carried by the PKK-linked ANF news outlet, the group on Monday described the Turkish legislation as a ""beginning"" to resolving outstanding issues but ""has serious shortcomings and deficiencies."" It called for Ocalan's release from prison, for democratic reforms and Kurdish rights. ——— Fraser reported from Ankara, Turkey.","[""theKurdistan Workers' Party"", 'AP', 'the Diyarbakir Chamber of Trade and Industry', 'ANF', 'DIYARBAKIR', 'PKK', 'Gecti']",['politics'],-0.9405,0.1857,False
13,https://www.yahoo.com/news/world/articles/heatwave-hits-evicted-families-sleeping-162808146.html,2026-08-11T16:28:08.000Z,Heatwave hits evicted families sleeping rough in Rome,"For hundreds of people recently kicked out of a social centre in Rome, extreme heat is proving an added strain on top of a dispute highlighting the Italian capital's housing crisis. The centre, occupied since 2013 despite an eviction order and threats from far-right Prime Minister Giorgia Meloni's government, was evacuated last month following a minor fire and seized by police. Now, families, elderly residents and pets are sleeping in tents and on camp beds outside the chained gates of Spin Time Labs, as temperatures in Rome near 40C. ""As the days go by, we are seeing increasing psychological distress; people are at their limit, they are exhausted,"" Anastasia Destro, a 33-year-old doctor helping the evictees, told AFP. ""We've seen all the health issues associated with living on the street and spending the entire day exposed to the sun,"" said Destro, part of a team offering medical and psychological aid. The fate of the building and its 400 or so residents, including children and disabled people, has generated a groundswell of support. Volunteers from across Rome have donated clothing, food and toys, while the left-wing city council has supplied tents, air-conditioning units, portable toilets and a drinking water truck. Film directors from Italy's Paolo Sorrentino to Britain's Ken Loach have called for the residents to be allowed back, while Matteo Garrone put on a showing of his film ""Pinocchio"" for the children. Spin Time, which over a decade grew to include a food bank, canteen, carpenter studio, newspaper and theatre, became a high-profile symbol of solidarity towards the marginalised. It even won the support of the pope: in 2019, Pope Francis's charity czar -- a cardinal -- climbed down a manhole to restore electricity after it was cut off. The community has provided sanctuary for those who found themselves ""in an emergency situation"", said Marco Perilli, a 60-year-old Italian construction worker who has lived there since 2013. - 'Life changed' - ""The building was home to 27 different ethnic groups, cultures, and religions"" who found a way to get along as ""one big family"", said Perilli, who moved in after separating from his partner. Perilli said it pained him to see residents ""forced into unsanitary conditions, facing major health issues and serious illnesses"". The evictions have thrown a spotlight on the Italian capital's housing emergency. More than 17,000 households are on the waiting list for council accommodation in Rome, almost half of whom applied at least a decade ago, according to city data. Mayor Roberto Gualtieri -- who wants the city to buy the building -- hoped the residents could be allowed back in while negotiations were underway. But the owner, the privately owned asset and investment management company Investire SGR, has so far refused. And Meloni's far-right Brothers of Italy party has accused Gualtieri of wasting public money and rewarding illegal behaviour in offering to buy the squat. Supporters say Spin Time has provided essential support to hundreds of vulnerable people. While the most vulnerable residents have been moved into alternative accommodation, others keep waiting outside, hoping they'll be allowed back in. Among them was Patience Sare, a 40-year-old from Nigeria, who ran a restaurant in Libya before fleeing to Europe when the war broke out in 2011. ""Spin Time has taken me in, my kids in,"" said Sare, who has two children and tried to make a life in France, Switzerland and Malta before coming to Spin Time. ""My life changed. It was as if I found my home,"" she said with tears in her eyes. ""I wish we could stay."" ide/ams/sbk","['Brothers of Italy party', 'Investire SGR', 'Matteo Garrone', 'Spin Time', 'AFP', 'solidarity', 'Spin Time Labs']",['politics'],-0.7563,0.1688,False
6,https://www.yahoo.com/news/world/articles/candlelight-vigil-islamabad-honors-10-173810788.html,2026-08-11T17:38:10.000Z,Candlelight vigil in Islamabad honors 10 climbers killed on Broad Peak,"ISLAMABAD (AP) — Mountaineers, diplomats and members of civil society gathered in Pakistan's capital Tuesday evening for a candlelight vigil honoring10 climbers killed in an avalanche on Broad Peak, as rescuers described an arduous mission to bring their fellow climbers down from one of the world's highest mountains. Rain fell as mourners lit candles and prayed for the dead, shielding the flickering flames from the downpour as they gathered on the open lawns of a sports complex in Islamabad to remember the climbers who never returned from the mountain. The vigil came days after search teams ended an operation that recovered the remains of eight climbers. Two bodies have not yet been recovered. Among the dead was renowned British-Nepali mountaineer Nirmal Purja. Nepal lost six climbers in the July 30 disaster, when a massive avalanche struck an international expedition. Nepal's ambassador to Pakistan, Rita Dhital, joined the vigil and paid tribute to the climbers as candles were lit in their memory. She recalled meeting Purja at her Islamabad home before the expedition and said he would often tell her, ""Giving up is not in my blood."" She thanked Pakistani climbers and rescuers who went onto the mountain in dangerous weather to search for the missing climbers and recover their bodies. Dhital particularly praised renowned Pakistani mountaineer Sirbaz Khan, who led the recovery team, as well as the Alpine Club of Pakistan, the military and government officials involved in the operation. The bodies of all six Nepalese climbers have been returned to their families, she said. Khan told The Associated Press that he and his team had set out hoping they would find the missing climbers alive. ""I had hoped that I would hug them after finding them alive,"" he said. Instead, the rescuers found climbers buried beneath the avalanche. Khan said the team used shovels to dig through the snow and pull out the bodies one by one. Seeing fellow mountaineers dead on the mountain was difficult, he said, but the rescuers composed themselves and began the equally difficult task of bringing the bodies down, using ropes and makeshift stretchers. Khan said he remained deeply saddened by the deaths but took some solace in knowing that families who had waited desperately for news were able to receive the remains of their loved ones. Irfan Arshad Khan, president of the Alpine Club of Pakistan and no relation to the rescuer, said the remains of seven climbers, including all six from Nepal, had been repatriated. He saidbad weather repeatedly prevented helicoptersfrom reaching the accident site, forcing rescuers to continue much of the search and recovery operation on foot. Eight bodies were eventually brought to a location from where they could be airlifted, he said. ""We have gathered here today to commemorate the passing of our great comrades,"" Khan told those attending the vigil. He said the days following the avalanche tested not only the endurance of those searching the mountain but also the courage of rescuers who continued on foot when helicopters could not reach them. Theinternational expedition included climbersfrom Nepal, Oman, Pakistan, China, Britain and the United States. Broad Peak, which rises 8,051 meters (26,414 feet) above sea level in the Karakoram range, is the world's 12th-highest mountain and lies near K2, the world's second-highest peak. Mountaineering accidents are common in northern Pakistan, home to some of the world's highest mountains.","['the Alpine Club', 'AP', 'Broad Peak ISLAMABAD', 'The Associated Press', 'Nirmal Purja']",['politics'],-0.9178,0.1679,False
2,https://www.yahoo.com/news/world/articles/former-miss-universe-canada-winner-172640543.html,2026-08-11T18:04:52.000Z,Miss Universe Canada contestants apologise for wearing indigenous dress,"Two contestants at the Miss Universe Canada pageant have apologised after they wore attire representing indigenous culture. The incident happened during the national costume segment, when one contestant wore a fur dress and boots and another a feathered headress. ""If any costume caused offence, hurt, or misunderstanding, please know that it was never our intention,"" the pageant said in a statement. Former winner Ashley Callingbull, a Plains Cree woman from the Enoch Cree Nation, had interrupted another part of the pageant she was co-presenting to address the issue, saying: ""It's 2026, we should know better."" ""There was cultural appropriation that was done toward indigenous people,"" Callingbull said, clarifying that she wasn't there when the costumes were worn but had later seen it on a video. One of the costumes, worn by contestant Karisa Haverkamp, featured a feather headdress, an item traditionally worn by highly respected Indigenous leaders in North America. She also had a red handprint painted on her face - a symbol representing solidarity with the Missing and Murdered Indigenous Women (MMIW) movement. ""I acknowledge and recognise that my outfit for the national costume caused hurt and offence to people in the indigenous community,"" Haverkamp wrote in an Instagram post. ""I appreciate what I have learned from this experience."" The other contestant, Jasleen Kaily, wore a costume with the theme ""Arctic Beauty"", which featured an all-fur dress and boots, known as mukluks, and two braids. Hair braiding can have deep cultural meaning for First Nations people. Kaily also apologised, saying: ""My intention was never to disrespect or misrepresent indigenous culture"" but rather to ""recognise and celebrate one of the First Peoples of Canada"". Former winner Ashley Callingbull addressed the costume controversy at the pageant's final, which she was co-hosting [Hector Vivas/Getty Images] According to the Miss Universe Canada website, the national costume segment is ""a celebration of Canadian culture and heritage, combined with creativity"", according to the Miss Universe Canada website. ""Each delegate must showcase a unique costume, dress, or outfit inspired by Canada's traditions, symbols, and history"" it states. It has now said it will introduce a ""comprehensive costume guide"" that will ""establish clear guidelines and standards for all future pageant cycles to ensure every presentation is thoughtful and respectful"". Pageant director Sonny Borrelli said he has also invited Callingbull, who is the first First Nations woman to win the competition, to be the costume segment's official liaison moving forward. He was co-presenting with Callingbull during Saturday's final, when she said the organisation's statement lacked a direct apology and invited him to address the issue. He said Miss Universe Canada takes ""full responsibility"" for the error. ""We will learn from it, we will make it better, we will make it right,"" he said, Callingbull also thanked the pageant's organisers for being receptive when she reached out with concerns over the costume. ""A part of reconciliation is that we educate and learn and understand and move on from these things in a good way,"" she said, adding: ""We're going to make sure that everyone is going to be respected and honoured properly."" Callingbull also spoke to CBC Indigenous about her reaction to seeing the costumes. ""This cannot be real. I just couldn't get over that this was happening,"" she said. ""Who allowed this on stage? Who approved this?"" ""Anything traditional or sacred should not be allowed. I was very, very upset."" It is not the first time the Miss Universe Canada competition has been criticised for cultural appropriation. In 2015, the organisation said there had been a ""misunderstanding"" regarding entrant Paola Nunuz Valdez, who wore a totem pole costume during the national costume segment. Both she and the organisation said it had been meant to refer to her Dominican heritage. Callingbull said at the time that she had recommended Miss Universe Canada consider hiring a cultural consultant. Miss North Carolina USA stripped of title after 'information' surfaces Two Miss Universe judges quit scandal-hit pageant, as one claims it's rigged What high fashion is doing about cultural appropriation","['Vivas/Getty Images', 'CBC Indigenous', 'First Nations', 'Universe Canada', 'the First Peoples of Canada', 'the Enoch Cree Nation', 'Instagram']",['entertainment'],0.9894,0.1673,False
33,https://www.yahoo.com/news/world/articles/england-wales-ban-meta-glasses-154355272.html,2026-08-11T15:43:55.000Z,England And Wales Ban Meta Glasses From Courtrooms,"Courts in England and Wales have officially banned Meta glasses,according to a report byThe Guardian. Anyone trying to enter court buildings with the glasses will have them confiscated and returned when they leave. His Majesty's Courts & Tribunals Service (HMCTS), which is responsible for all criminal, civil and family courts, is behind the decision. There's one major reason for this move, and it's the obvious one. Cameras are banned in courtrooms andMeta Glasses have cameras. Meta Glasses go a step further, as users can record footage without anyone really knowing. This means that someone could, theoretically, sit and record an entire court proceeding without anyone being the wiser. ""There are clear restrictions on taking images or videos within courts and tribunals which is why the use of Meta glasses is prohibited,"" a spokesperson for the court toldThe Guardian. Taking images or videos in court buildings without official permission is a crime and can be prosecuted as contempt of court. The HMCTS has carved out an exception for smartphones in the courtroom, so long as they aren't used to record anything. However, it will not be making a similar exception for smart glasses. After all, one cannot surreptitiously affix a smartphone to one's face and film stuff without anyone knowing. A London court has already run into trouble with smart glasses, though not with the camera system. A man was accused earlier this year of being ""assisted or coached in his replies to questions put to him during cross examination""by using smart glasses. This would've been done via built-in speakers and a connection to a nearby smartphone, though the claimant has denied the accusation. Courts on this side of the pond have also become wary of smart glasses. New York recently announced asimilar courtroom ban. This was done explicitly to prevent people from making secret recordings. It's not just courts that have rejected Meta Glasses and related smart glasses, on the grounds that they can be used tosecretly film people. Venues throughout the UKhave bannedwhat some call ""pervert glasses."" This includes the popular pub chain Weatherspoons, various high-end restaurants, members clubs, theaters, music venues and comic book conventions. People are buying Meta Glasses andfilming people without their consent, even posting the videos online. This is especially harrowing for women. A recent University of Sydney study found hundreds of videos on Instagram in which male ""pick up artist"" content creatorssecretly filmed womenand put the content online. Around 60 percent of these videos showed behavior classified as potential harassment and many of the victims were identified and doxxed. Mark Zuckerberg and his team don't seem terribly concerned about the pushback to these products. The Meta CEO was recently involved in a high-profile court trial about social media addiction and members of hisentourage were wearing the glasses. The judge had to threaten contempt of court to get them to remove the shady specs. A spokesperson for Meta toldThe Guardianthat it did not want to comment on the recent court ban. The companysold around 7 million pairsof Meta Glasses in 2025. Read more:If you're already watching YouTube daily, this subscription swap just makes sense Found this useful? Sign up forEngadget's free newsletterfor more tech news and guides delivered straight to your inbox. You can alsofollow usoradd Engadget as a preferred search sourceon Google. Read theoriginal article on Engadget.","['Meta Glasses', ""Majesty's Courts & Tribunals Service (HMCTS"", 'Meta', 'Google', 'Weatherspoons', 'Courtrooms Courts', 'Guardian', 'forEngadget', 'University of Sydney', 'Instagram', 'Engadget', 'HMCTS', 'UKhave']",['tech'],-0.9794,0.1651,False
9,https://www.yahoo.com/news/world/articles/replica-christopher-columbus-ship-arrives-170701658.html,2026-08-11T17:07:01.000Z,Replica Christopher Columbus ship arrives in Liverpool,"A replica of a ship on which explorer Christopher Columbus sailed across the Atlantic 500 years ago has docked in Liverpool. The 180 tonne Nao Santa Maria will be berthed at the Royal Albert Dock for the next two weeks and is open to visitors. The vessel, with a crew of 14, is on a world tour involving 30 stops from its home port of Huelva in Spain, and aims to educate visitors about life for sailors in the 15th Century. Desiree Gonzalez, project manager on the Santa Maria, said: ""Christopher Columbus's history is something that changed the world, literally, and it's an opportunity to visit while we are here in a short time, this short period of time before we go to next port."" Gonzalez said sailors during Columbus's voyage in 1492, which led to Western explorers discovering the Americas, would have faced far harsher conditions than the current crew experienced. ""They didn't have any bathrooms or a kitchen,"" she said. ""They didn't have enough food, they didn't have refrigeration for their food. So, yeah, they drank a lot of wine because it didn't [go off]. ""The conditions were very bad."" The replica vessel is crewed by 14 people [Tom Walker/BBC] Ian Murphy, head of Liverpool's Maritime Museum, said the ship was a reminder of how daunting a voyage in the 15th Century would have been. ""It was a real sort of journey into the unknown for a lot of these sailors,"" he said. ""Out in environments with no sight of land, reliant on the skills that have been developed by seafarers for centuries before."" The arrival of Europeans in the Americas led to the spread of diseases - including smallpox, influenza and measles - against which native populations had no natural defences. Estimates vary as to how much of the native population of the Americas was wiped out as a result of European settlement. They range from 50% to 95%. Columbus's arrival also allowed Europeans to establish colonies, which in turn brought about the transatlantic slave trade. Murphy also said the visit was a chance to reflect on the darker history of Columbus's voyages, which had had terrible consequences for native populations. ""These ships are a symbol of that kind of European encounter with civilizations and cultures elsewhere and that's often a difficult and messy history,"" he said. ""It's not always one of discovery. It's one of quite important impact on native cultures and native people. ""It's not always an easy meeting and it's a reminder that for all we do celebrate the achievements and the skills of sailors, the impact on Indigenous peoples is often a negative one."" The Santa Maria will be open for visitors until 25 August. Listen to the best ofBBC Radio Merseyside on Soundsand follow BBC Merseyside onFacebook,X, andInstagram. You can also send story ideas via Whatsapp to 0808 100 2230. Proposals could restrict visits to rubbish tips","['Radio Merseyside', 'BBC Merseyside', 'Maritime Museum', 'Whatsapp to 0808', 'Nao Santa Maria', 'Murphy', 'andInstagram', 'Liverpool']",['tech'],-0.602,0.1612,False
25,https://www.yahoo.com/news/world/articles/war-inevitable-houthis-escalate-attacks-160223580.html,2026-08-11T16:02:23.000Z,‘War is inevitable’: Houthis escalate attacks in the Red Sea,"Iran's proxy group the Houthis have launched fresh missile attacks on Yemeni ports in the Red Sea as their conflict with Saudi Arabia heats up. A new war in the Arabian Peninsula is now inevitable, according to former Yemeni diplomat Mahmoud Shehrah. On today's episode of Iran: The Latest, Roland Oliphant talks to Chatham House's Shehrah to unpack the Houthis' intentions and to what extent they are acting on Tehran's orders. Could they close the Bab al-Mendab strait and what can the West do about it? Plus, news of an Iranian assassination plot against Donald Trump that forced him to hide in an airplane catering trolley, and why the US president is now demanding war reparations from Iran to resolve their dispute over the Strait of Hormuz. Try full access to The Telegraph free today. Unlock their award-winning website and essential news app, plus useful tools and expert guides for your money, health and holidays.","[""Chatham House's""]",['business'],-0.9313,0.1588,False
15,https://www.yahoo.com/news/world/articles/over-16-000-civilians-detained-162201072.html,2026-08-11T16:22:01.000Z,"Over 16,000 civilians detained by Russia during the war in Ukraine are still held, UN estimates","UNITED NATIONS (AP) — The United Nations estimates that more than16,000 civilians detainedby Russia during itswar in Ukraineare still being ""deprived of their liberty,"" many held incommunicado and on grounds that don't comply with international law. ""Widespread and systematic torture and ill-treatment"" of both Ukrainian civilian detainees and prisoners of war by Russia are continuing, includingsexual violence, said Claudia Fuentes Julio, the U.N. assistant secretary-general for human rights. She spoke at an informal meeting of the U.N. Security Council called by Latvia and the United Kingdom on Monday to spotlight the plight of civilians and soldiers taken during the war that Russia launched with a full-scale invasion of its neighbor in February 2022. The council, which counts Russia as a permanent member, heard the accounts as both Russia and Ukraine haveescalated attacksin the four-year conflict. Since the invasion, Julio said, U.N. human rights staff have interviewed 910 Ukrainian prisoners of war and 403 civilian detainees following their release. The U.N. has not been able to visit detention facilities in Russia, and its estimated figure of those held does not break down how many are adults or children. More than 95% of theUkrainian prisoners of warand 85% of the civilian detainees reported being tortured or ill-treated, often repeatedly, the U.N. official said. They also reported sexual attacks and inhumane conditions, including food deprivation and inadequate medical services. The Geneva-based human rights office ""has documented the execution of 129 Ukrainian prisoners of war at the beginning of their captivity, and the deaths of 48 Ukrainian prisoners of war in custody, resulting from torture, denial of medical care, or other inhumane conditions of detention,"" Julio said. The U.N. Security Council also heard emotionally wrenching accounts from Crimean Tatar human rights activist Leniie Umerova, who called herself a ""political prisoner"" of the Russians for almost two years, and Khuan Leyva Garsiya, a Ukrainian soldier who was among the hundreds thatheld out for months at the Azovstal steel plantin thebesieged city of Mariupolbeforeturning themselves overto the Russians in May 2022. Garsiya, who was born in Mariupol to a Ukrainian mother and Cuban father, spent 1,183 days as a POW. He said he weighed 55 kilograms (120 pounds) when he was freed, pulling out a picture of his emaciated body to show the council. He said he was tortured, beaten harder and humiliated more than other prisoners because the Russians suspected that he was a foreign mercenary due to his Cuban ancestry or an American spy because he went to college in the United States. ""Russians were outraged that someone with a connection to Cuba, whom they consider an ally, would fight against their occupation army,"" said Garsiya, who is still in the Ukrainian military. He said the Russians tried to break the prisoners mentally and force them to confess to falsified crimes through tortures including freezing, beatings, electrocution and sexual abuse, he said. ""Two of my friends were beaten to death in detention centers in the Donetsk region,"" Garsiya said. ""Two of my friends died because of the conditions they were put in in Russian prisons and were returned in plastic bags to the homeland."" For Umerova, her captivity began when she tried to enter Russia from Georgia to visit her seriously ill fatherin Crimea, which is part of Ukraine but has been occupied by Russia since 2014. She said she was placed in detention on ""fabricated charges."" But unlike many others, she was able to contact an attorney. In the third month, she said, her attorney obtained her release through a court order. ""But as soon as the prison gates opened, a bag was put over my head and I was taken away again."" In six months, she said she was moved to seven different facilities, calling it ""a carousel of repression."" What happened to her, Umerova said, is part of a system Russia uses to unlawfully detain, isolate, torture and fabricate charges against civilians. She named half a dozen women in Russian prisons today and said at least 84 women have faced criminal prosecution. U.N. human rights experts also interviewed 816 Russians and 57 third-country national prisoners of war from over 45 countries who were members of the Russian armed forces in Ukraine, said Julio, the assistant secretary-general. About half reported torture or ill-treatment, primarily during the initial stages of captivity and interrogation by Ukrainians, she said. But U.N. monitors reported that once they arrived in Ukrainian detention facilities, ""the conditions generally comply with international humanitarian law and have improved since 2022."" Russia's deputy U.N. Ambassador Maria Zabolotskaya told the council the Russian armed forces are complying with international humanitarian law, which includes the treatment of prisoners. She claimed Russian prisoners in Ukraine faced ""torture and degradation, and moral and physical abuse."" She called the Security Council meeting part of ""a disinformation campaign against Russia,"" funded by NATO countries involved in the Ukraine conflict. The aim, she said, ""is to derail efforts towards a peace settlement and to justify strikes on the territory of Russia and against civilians."" Ukraine's deputy U.N. Ambassador Volodymyr Pavlichenko said he was struck that during Monday's meeting, Russia was not ready to discuss the return of POWs — ""including their POWs"" — and all civilian detainees including abducted children.","['Umerova', 'UNITED NATIONS', 'Security Council', 'AP', 'U.N.', 'UN', 'Azovstal', 'NATO', 'the U.N. Security Council', 'Crimea', 'The United Nations', 'The U.N. Security Council', 'Mariupol']",['politics'],-0.9991,0.1452,False
5,https://www.yahoo.com/news/world/articles/surprising-reason-prince-andrew-could-175658506.html,2026-08-11T17:56:58.000Z,The surprising reason Prince Andrew could still receive a royal funeral despite losing his titles,"Despite losing his royal titles and stepping away from public life,Andrew Mountbatten-Windsor, formerly Prince Andrew, is reportedly still expected to receive a ceremonial royal funeral under long-standing government contingency plans. You may also like Prince Andrew faces pivotal week as court appearance coincides with possible loss of one of his last honors Princess Eugenie breaks from family drama: Inside the home in Portugal where she welcomed her third child Princess Beatrice's husband puts marriage rift rumors to rest with a sweet birthday message Continue reading According to The Daily Mail, Andrew remains on a confidential government list of senior royals whose deaths are covered by the UK's highly classified ""bridge plans,"" detailed operational blueprints prepared years, and sometimes decades, in advance. Queen Elizabeth II's death activated Operation London Bridge, one of the UK's secret royal funeral plans. Reports say Andrew remains covered by a similar protocol. (Mirrorpix) The publication reported that the former Duke of York has not been removed from those plans despite the dramatic changes to his royal status. The revelation has sparked renewed debate over how the monarchy and government handle ceremonial protocols for disgraced members of the Royal Family. The British government maintains confidential contingency plans for the deaths of senior members of the Royal Family. Each operation is assigned the codename of a famous bridge in the United Kingdom. King Charles stripped Andrew of his royal titles and honorary military appointments in 2025. (Justin Goff Photos) The best-known examples includeOperation London Bridge, which was activated following Queen Elizabeth II's death in 2022, andOperation Forth Bridge, the plan used after Prince Philip's death in 2021. These plans are managed by the Cabinet Office and cover everything from security and transport to media coordination, ceremonial arrangements, and preparations for visiting world leaders. Queen Elizabeth II's death in 2022 activated the government's carefully prepared Operation London Bridge funeral protocol. (Max Mumby/Indigo) According to reports, Andrew's name remains on that confidential register because the plans are administrative documents created years in advance and are not automatically revised when a royal's status changes. Reports indicate Andrew's funeral service would be held atSt. George's Chapelat Windsor Castle before he is buried at theRoyal Burial Ground at Frogmore, where many senior royals have been laid to rest since the early 20th century. The Royal Mausoleum at Frogmore is located near the Royal Burial Ground, where Prince Andrew is reportedly expected to be laid to rest under existing government plans. (Max Mumby/Indigo) While monarchs and their closest family members have traditionally been interred in the Royal Vault beneath St. George's Chapel, space has become increasingly limited, making Frogmore the resting place for many extended members of the Royal Family. Although King Charles removed Andrew's honorary military appointments and royal titles in 2025, he retained the service medals he earned during his active military career. Prince Andrew served in the Royal Navy from 1979 to 2001, including during the Falklands War. (Hulton Archive) Andrew served in the Royal Navy from 1979 to 2001, including during the Falklands War. Retired Rear Admiral Chris Parry told the Daily Mail that former Royal Navy colleagues would likely volunteer to serve as pallbearers should a ceremonial funeral take place. Andrew is said to have retained the military medals he earned during his active service. (Ken R. Goff) ""The guy doesn't relinquish being a naval officer. He wasn't thrown out. He had a Falklands medal, and you can't take that away from him, and he deserves the credit for that. If somebody said to me, 'Would you do it?' I'd do it."" The reports have prompted criticism because Andrew was stripped of his royal titles and public duties following years of controversy surrounding his links to Jeffrey Epstein. Prince Andrew has reportedly remained on the government's confidential royal funeral planning register. (Max Mumby/Indigo) Although ceremonial royal funerals differ from state funerals, they still require extensive government coordination, including policing, security, traffic management, and ceremonial logistics. Critics argue that any public resources devoted to such an event would likely face significant scrutiny. Reports indicate Andrew's funeral service would be held at St. George's Chapel at Windsor Castle (Max Mumby/Indigo) Neither Buckingham Palace nor the Cabinet Office has publicly commented on the reported arrangements, and the contingency plans themselves remain classified. As with other royal bridge plans, the reported protocol could still be revised in the future should the government or the monarch decide to amend it.","['the Cabinet Office', 'Hulton Archive', 'Beatrice', 'andOperation Forth Bridge', 'Royal Navy', 'Royal Vault', 'The Daily Mail', 'theRoyal Burial Ground', 'The Royal Mausoleum at Frogmore', 'the Royal Navy', 'the\xa0Daily Mail', 'Mirrorpix']",['politics'],-0.9158,0.1447,False
18,https://www.yahoo.com/news/world/articles/europe-plunged-darkness-solar-eclipse-161824553.html,2026-08-11T16:18:24.000Z,Europe Plunged Into Darkness With Solar Eclipse Wednesday,"Mainland Europe will see its first total solar eclipse in nearly 30 years on Wednesday. The rare celestial spectacle will begin in northern Russia before the moon's shadow sweeps across Greenland, Iceland, and the Atlantic, eventually reaching northern Spain and a small section of Portugal before disappearing into the Mediterranean, according toThe New York Times. Millions more across Europe, northwest Africa and parts of North America will experience a partial eclipse. The eclipse occurs when the moon passes directly between Earth and the sun. Those within the narrow path of totality will see the moon completely block the sun, revealing its corona and briefly plunging daytime skies into darkness. Most locations will experience less than two minutes of totality, according to NASA information cited by the Times. Spain is expected to be a prime viewing destination. Totality will become visible there around 8:26 p.m. local time, sweeping across the Balearic Islands before leaving land around 8:33 p.m., shortly before sunset. The Associated Press reported that the eclipse's shadow will travel about 5,130 miles, with maximum totality occurring off Iceland's western coast. Wednesday will mark mainland Spain's first total solar eclipse in more than 100 years. Anticipation has produced a rush for protective glasses across Europe. AFP reported pharmacies, opticians, and other retailers have struggled to keep certified eclipse glasses in stock. Spain's government organized the distribution of 2 million free pairs, but some locations have already exhausted supplies. Demand at Carrefour's Spanish stores reportedly increased 20-fold in recent days. Experts stress that ordinary sunglasses are not adequate protection. Looking directly at even a partially obscured sun can cause permanent eye damage. Only during totality — when the sun is completely covered — is it safe to view the eclipse without approved eye protection. Those unable to travel to the eclipse's path can still follow the event online. TheEuropean Space Agencywill broadcast live from Spain's Observatorio Astrofísico de Javalambre beginning at 7:30 p.m. Central European Summer Time. Europeans outside the path of totality will still get an impressive show. The Guardianreported London should see about 92% of the sun covered, while parts of Cornwall will reach roughly 96%. The celestial show won't end with the eclipse: The Perseid meteor shower is expected to peak overnight Wednesday into Thursday. © 2026 Newsmax. All rights reserved.","['Times', 'The Associated Press', 'Observatorio Astrofísico de Javalambre', 'Europe Plunged Into Darkness With Solar', 'Carrefour', 'New York Times', 'The Guardianreported London', 'NASA']",['tech'],-0.7872,0.1306,False
29,https://www.yahoo.com/news/world/articles/paris-tightens-rules-electric-scooters-155411278.html,2026-08-11T15:54:11.000Z,Paris tightens rules on electric scooters and other rideables,"Paris is cracking down on rules for users of rideables such as electric scooters, Segways, and electric skateboards, as crashes involving such devices continue to rise in the French capital. Police officers have launched a targeted operation in the city to enforce a new order for riders to wear helmets and reflective gear that took effect on 7 August. Those caught without a helmet will now be hit with a €135 fine, while riders spotted without reflective gear face a €35 fine, according to police. Hélène Denéchère, a spokesperson for the Paris police prefecture, highlighted the need for the new measures. ""Since the start of the year, 136 personal injury accidents have involved vehicles of this kind, an increase of 12%. This is therefore the only category of road users in Paris for which personal injury accidents are on the rise,"" Denéchère said. She noted that while some riders already comply, others see the rules as an added burden. But she stressed that ""wearing a helmet reduces the severity of these accidents."" Public reaction in Paris remains divided, however. Rider Pierre Thoribé acknowledged the necessity of the gear despite being caught without it. ""It's perfectly natural for me to have a helmet, which I don't have today… It's exceptional. I forgot my helmet,"" he said. Software developer Igor Monteiro, who already wears head protection, praised the enforcement. ""I think it's very good. It's normal if you want safety. I've always used it... To me it's normal,"" he said, adding he was unaware of the new rules. Youssef Mourgui, a tattoo artist, urged fellow users to consider the risks of riding without protective gear. ""Honestly, for yourself, it's good for safety. Because I know someone who works in a hospital; he told us he gets loads of people coming in, every time with their skulls smashed. There are even some now who are in wheelchairs,"" Mourgui said. ""Not because of the police, but honestly, it's better for our health to wear a helmet."" For others, the fine seems to be too hefty. One female scooter rider said the €135 fine for those caught with no helmet was in particular ""a bit expensive,"" adding that users are getting ""used to it now with everything that's going on."" Those opposed to the new rules have criticised them as overly restrictive, arguing that it should be left up to personal choice. ""I think it's better to let people be free and do what they want. If they have an accident afterwards, that's just tough luck for them,"" cyclist Romaric Bouton said. ""We're not going to start holding everyone's hand and forcing them to wear a vest, a helmet, just because there are so many accidents every year. After that, we're no longer free to do what we want.""",['Software'],['politics'],0.9782,0.0937,False
24,https://www.yahoo.com/news/world/articles/watch-man-spins-33-hula-160253366.html,2026-08-11T16:02:53.000Z,Watch: Man spins 33 hula hoops while upside down to break world record,"Aug. 11 (UPI) -- A Chinese man managed to spin 33 hula hoops around his body while suspended upside down to break a Guinness World Record. Yan Yanjia was suspended upside down from playground equipment in Guilin, Guangxi, and two friends then helped pull the hula hoops over his head and down to his hips. Yanjia was able to keep the hoops spinning for the time required by Guinness World Records, earning him the title for themost hula hoops spun while suspended upside down. He beat the previous record by 10 hoops. Yanjia said he started hula hooping eight years ago as a means of losing weight. ""In 2018, I was diagnosed with fatty liver due to obesity, and my doctor advised me to lose weight. At that time, I bought a 2-kilogram [4.4-pound] hula hoop for exercise, and in a month, I went from 80 kg [175 pounds] to 63 kg [132 pounds],"" he told Guinness World Records. ""Of course, the main factor in successful fat loss is gradual control of diet."" Yanjia said the next record his has his eye on involves spinning hula hoops while doing pullups. ""This exercise consumes many times more force than dozens of hula hoops upside down, requiring much greater core stability,"" he said.","['Guinness World Records', 'Guinness World Record']",['business'],-0.7579,0.0885,False
14,https://www.yahoo.com/news/world/articles/queen-jetsun-pema-bhutan-princess-162500298.html,2026-08-11T16:25:00.000Z,Queen Jetsun Pema of Bhutan and Princess Akiko Step Out Together for Unexpected Joint Engagement,"Princess Akiko of Mikasa, the second cousin of Japan'sEmperor Naruhito, is visitingBhutanthis week to mark 40 years of diplomatic relations between the two countries. King Jigme Khesar Namgyel WangchuckandQueen Jetsun Pemawelcomed Princess Akiko to Tashichhodzong, a Buddhist monastery and the seat of Bhutan's government, earlier today. Per the Bhutan royal court, Princess Akiko ""was escorted to the dzong in traditional Chhipdrel procession, and received Audience with Their Majesties in the Golden Throne Room. Their Majesties and Her Imperial Highness then offered a thousand butterlamps at the Grand Kuenrey of Tashichhodzong for the victims of the earthquake that struck Kumamoto Prefecture in Japan on 28 July, and prayed for the full recovery of the affected communities."" King Jigme Khesar Namgyel Wangchuck and Princess Akiko.Royal Court of Bhutan After, Queen Jetsun Pema and Princess Akiko carried out a joint engagement at a traditional Japanese sweet-making workshop. Per the Queen'sofficial Facebook page, ""Two chefs from Kyoto Wakuden, a renowned culinary establishment in Japan, showed Her Majesty, Her Imperial Highness, and participants from SELWA, the art of making wagashi, traditional Japanese sweets crafted to reflect the seasons and served alongside tea."" Queen Jetsun Pema is the royal patron of SELWA, which works with people with disabilities ""to build a more inclusive Bhutan, with better access to education, growth, and employment for all."" The organization is planning to open a café to be run by youth with disabilities; the wagashi workshop ""opens the door to specialised skills that can find a place in the café's offerings and similar initiatives ahead."" The Bhutanese queen and the Japanese princess during the workshop.Queen Jetsun Pema/Facebook The royal women make wagashi.Queen Jetsun Pema/Facebook Princess Akiko arrived in Bhutan on August 7, and will be in the country through August 14. You Might Also Like 25 Watch Brands That Belong in Every Collection The 50 Best Animated Films to Watch With Your Kids The 28 Best Westerns of All Time","['Chhipdrel', 'Royal Court']",['entertainment'],0.9741,0.061,False
